Non-Isomorphic Polygroup #1
Inversion Map: e->e a->a b->b c->c 
+,e,a,b,c
e,"{e}","{a}","{b}","{c}"
a,"{a}","{e,b}","{a}","{c}"
b,"{b}","{a}","{e}","{c}"
c,"{c}","{c}","{c}","{e,a,b}"

Non-Isomorphic Polygroup #2
Inversion Map: e->e a->a b->b c->c 
+,e,a,b,c
e,"{e}","{a}","{b}","{c}"
a,"{a}","{e,b}","{a}","{c}"
b,"{b}","{a}","{e}","{c}"
c,"{c}","{c}","{c}","{e,a,b,c}"

Non-Isomorphic Polygroup #3
Inversion Map: e->e a->a b->b c->c 
+,e,a,b,c
e,"{e}","{a}","{b}","{c}"
a,"{a}","{e,b}","{a}","{c}"
b,"{b}","{a}","{e,b}","{c}"
c,"{c}","{c}","{c}","{e,a,b}"

Non-Isomorphic Polygroup #4
Inversion Map: e->e a->a b->b c->c 
+,e,a,b,c
e,"{e}","{a}","{b}","{c}"
a,"{a}","{e,b}","{a}","{c}"
b,"{b}","{a}","{e,b}","{c}"
c,"{c}","{c}","{c}","{e,a,b,c}"

Non-Isomorphic Polygroup #5
Inversion Map: e->e a->a b->b c->c 
+,e,a,b,c
e,"{e}","{a}","{b}","{c}"
a,"{a}","{e,a,b}","{a}","{c}"
b,"{b}","{a}","{e}","{c}"
c,"{c}","{c}","{c}","{e,a,b}"

Non-Isomorphic Polygroup #6
Inversion Map: e->e a->a b->b c->c 
+,e,a,b,c
e,"{e}","{a}","{b}","{c}"
a,"{a}","{e,a,b}","{a}","{c}"
b,"{b}","{a}","{e}","{c}"
c,"{c}","{c}","{c}","{e,a,b,c}"

Non-Isomorphic Polygroup #7
Inversion Map: e->e a->a b->b c->c 
+,e,a,b,c
e,"{e}","{a}","{b}","{c}"
a,"{a}","{e,a,b}","{a}","{c}"
b,"{b}","{a}","{e,b}","{c}"
c,"{c}","{c}","{c}","{e,a,b}"

Non-Isomorphic Polygroup #8
Inversion Map: e->e a->a b->b c->c 
+,e,a,b,c
e,"{e}","{a}","{b}","{c}"
a,"{a}","{e,a,b}","{a}","{c}"
b,"{b}","{a}","{e,b}","{c}"
c,"{c}","{c}","{c}","{e,a,b,c}"

Non-Isomorphic Polygroup #9
Inversion Map: e->e a->a b->b c->c 
+,e,a,b,c
e,"{e}","{a}","{b}","{c}"
a,"{a}","{e}","{b}","{c}"
b,"{b}","{b}","{e,a,c}","{b,c}"
c,"{c}","{c}","{b,c}","{e,a,b}"

Non-Isomorphic Polygroup #10
Inversion Map: e->e a->a b->b c->c 
+,e,a,b,c
e,"{e}","{a}","{b}","{c}"
a,"{a}","{e}","{b}","{c}"
b,"{b}","{b}","{e,a,c}","{b,c}"
c,"{c}","{c}","{b,c}","{e,a,b,c}"

Non-Isomorphic Polygroup #11
Inversion Map: e->e a->a b->b c->c 
+,e,a,b,c
e,"{e}","{a}","{b}","{c}"
a,"{a}","{e}","{b}","{c}"
b,"{b}","{b}","{e,a,b,c}","{b,c}"
c,"{c}","{c}","{b,c}","{e,a,b,c}"

Non-Isomorphic Polygroup #12
Inversion Map: e->e a->a b->b c->c 
+,e,a,b,c
e,"{e}","{a}","{b}","{c}"
a,"{a}","{e,a}","{b}","{c}"
b,"{b}","{b}","{e,a,c}","{b,c}"
c,"{c}","{c}","{b,c}","{e,a,b}"

Non-Isomorphic Polygroup #13
Inversion Map: e->e a->a b->b c->c 
+,e,a,b,c
e,"{e}","{a}","{b}","{c}"
a,"{a}","{e,a}","{b}","{c}"
b,"{b}","{b}","{e,a,c}","{b,c}"
c,"{c}","{c}","{b,c}","{e,a,b,c}"

Non-Isomorphic Polygroup #14
Inversion Map: e->e a->a b->b c->c 
+,e,a,b,c
e,"{e}","{a}","{b}","{c}"
a,"{a}","{e,a}","{b}","{c}"
b,"{b}","{b}","{e,a,b,c}","{b,c}"
c,"{c}","{c}","{b,c}","{e,a,b,c}"

Non-Isomorphic Polygroup #15
Inversion Map: e->e a->a b->b c->c 
+,e,a,b,c
e,"{e}","{a}","{b}","{c}"
a,"{a}","{e,b}","{a,b}","{c}"
b,"{b}","{a,b}","{e,a}","{c}"
c,"{c}","{c}","{c}","{e,a,b}"

Non-Isomorphic Polygroup #16
Inversion Map: e->e a->a b->b c->c 
+,e,a,b,c
e,"{e}","{a}","{b}","{c}"
a,"{a}","{e,b}","{a,b}","{c}"
b,"{b}","{a,b}","{e,a}","{c}"
c,"{c}","{c}","{c}","{e,a,b,c}"

Non-Isomorphic Polygroup #17
Inversion Map: e->e a->a b->b c->c 
+,e,a,b,c
e,"{e}","{a}","{b}","{c}"
a,"{a}","{e,b}","{a,b}","{c}"
b,"{b}","{a,b}","{e,a,b}","{c}"
c,"{c}","{c}","{c}","{e,a,b}"

Non-Isomorphic Polygroup #18
Inversion Map: e->e a->a b->b c->c 
+,e,a,b,c
e,"{e}","{a}","{b}","{c}"
a,"{a}","{e,b}","{a,b}","{c}"
b,"{b}","{a,b}","{e,a,b}","{c}"
c,"{c}","{c}","{c}","{e,a,b,c}"

Non-Isomorphic Polygroup #19
Inversion Map: e->e a->a b->b c->c 
+,e,a,b,c
e,"{e}","{a}","{b}","{c}"
a,"{a}","{e}","{c}","{b}"
b,"{b}","{c}","{e}","{a}"
c,"{c}","{b}","{a}","{e}"

Non-Isomorphic Polygroup #20
Inversion Map: e->e a->a b->b c->c 
+,e,a,b,c
e,"{e}","{a}","{b}","{c}"
a,"{a}","{e}","{c}","{b}"
b,"{b}","{c}","{e,b}","{a,c}"
c,"{c}","{b}","{a,c}","{e,b}"

Non-Isomorphic Polygroup #21
Inversion Map: e->e a->a b->b c->c 
+,e,a,b,c
e,"{e}","{a}","{b}","{c}"
a,"{a}","{e}","{c}","{b}"
b,"{b}","{c}","{e,b,c}","{a,b,c}"
c,"{c}","{b}","{a,b,c}","{e,b,c}"

Non-Isomorphic Polygroup #22
Inversion Map: e->e a->a b->b c->c 
+,e,a,b,c
e,"{e}","{a}","{b}","{c}"
a,"{a}","{e,a,b}","{a,b}","{c}"
b,"{b}","{a,b}","{e,a,b}","{c}"
c,"{c}","{c}","{c}","{e,a,b}"

Non-Isomorphic Polygroup #23
Inversion Map: e->e a->a b->b c->c 
+,e,a,b,c
e,"{e}","{a}","{b}","{c}"
a,"{a}","{e,a,b}","{a,b}","{c}"
b,"{b}","{a,b}","{e,a,b}","{c}"
c,"{c}","{c}","{c}","{e,a,b,c}"

Non-Isomorphic Polygroup #24
Inversion Map: e->e a->a b->b c->c 
+,e,a,b,c
e,"{e}","{a}","{b}","{c}"
a,"{a}","{e,a}","{c}","{b,c}"
b,"{b}","{c}","{e,b}","{a,c}"
c,"{c}","{b,c}","{a,c}","{e,a,b,c}"

Non-Isomorphic Polygroup #25
Inversion Map: e->e a->a b->b c->c 
+,e,a,b,c
e,"{e}","{a}","{b}","{c}"
a,"{a}","{e,a}","{c}","{b,c}"
b,"{b}","{c}","{e,c}","{a,b,c}"
c,"{c}","{b,c}","{a,b,c}","{e,a,b,c}"

Non-Isomorphic Polygroup #26
Inversion Map: e->e a->a b->b c->c 
+,e,a,b,c
e,"{e}","{a}","{b}","{c}"
a,"{a}","{e,a}","{c}","{b,c}"
b,"{b}","{c}","{e,b,c}","{a,b,c}"
c,"{c}","{b,c}","{a,b,c}","{e,a,b,c}"

Non-Isomorphic Polygroup #27
Inversion Map: e->e a->a b->b c->c 
+,e,a,b,c
e,"{e}","{a}","{b}","{c}"
a,"{a}","{e,b}","{a,c}","{b}"
b,"{b}","{a,c}","{e,b}","{a,c}"
c,"{c}","{b}","{a,c}","{e,b}"

Non-Isomorphic Polygroup #28
Inversion Map: e->e a->a b->b c->c 
+,e,a,b,c
e,"{e}","{a}","{b}","{c}"
a,"{a}","{e,b}","{a,c}","{b,c}"
b,"{b}","{a,c}","{e,c}","{a,b}"
c,"{c}","{b,c}","{a,b}","{e,a}"

Non-Isomorphic Polygroup #29
Inversion Map: e->e a->a b->b c->c 
+,e,a,b,c
e,"{e}","{a}","{b}","{c}"
a,"{a}","{e,b}","{a,c}","{b,c}"
b,"{b}","{a,c}","{e,c}","{a,b}"
c,"{c}","{b,c}","{a,b}","{e,a,c}"

Non-Isomorphic Polygroup #30
Inversion Map: e->e a->a b->b c->c 
+,e,a,b,c
e,"{e}","{a}","{b}","{c}"
a,"{a}","{e,b}","{a,c}","{b,c}"
b,"{b}","{a,c}","{e,c}","{a,b,c}"
c,"{c}","{b,c}","{a,b,c}","{e,a,b}"

Non-Isomorphic Polygroup #31
Inversion Map: e->e a->a b->b c->c 
+,e,a,b,c
e,"{e}","{a}","{b}","{c}"
a,"{a}","{e,b}","{a,c}","{b,c}"
b,"{b}","{a,c}","{e,c}","{a,b,c}"
c,"{c}","{b,c}","{a,b,c}","{e,a,b,c}"

Non-Isomorphic Polygroup #32
Inversion Map: e->e a->a b->b c->c 
+,e,a,b,c
e,"{e}","{a}","{b}","{c}"
a,"{a}","{e,b}","{a,c}","{b,c}"
b,"{b}","{a,c}","{e,b,c}","{a,b}"
c,"{c}","{b,c}","{a,b}","{e,a,c}"

Non-Isomorphic Polygroup #33
Inversion Map: e->e a->a b->b c->c 
+,e,a,b,c
e,"{e}","{a}","{b}","{c}"
a,"{a}","{e,b}","{a,c}","{b,c}"
b,"{b}","{a,c}","{e,b,c}","{a,b,c}"
c,"{c}","{b,c}","{a,b,c}","{e,a,b}"

Non-Isomorphic Polygroup #34
Inversion Map: e->e a->a b->b c->c 
+,e,a,b,c
e,"{e}","{a}","{b}","{c}"
a,"{a}","{e,b}","{a,c}","{b,c}"
b,"{b}","{a,c}","{e,b,c}","{a,b,c}"
c,"{c}","{b,c}","{a,b,c}","{e,a,b,c}"

Non-Isomorphic Polygroup #35
Inversion Map: e->e a->a b->b c->c 
+,e,a,b,c
e,"{e}","{a}","{b}","{c}"
a,"{a}","{e,a,b}","{a,c}","{b,c}"
b,"{b}","{a,c}","{e,b}","{a,c}"
c,"{c}","{b,c}","{a,c}","{e,a,b}"

Non-Isomorphic Polygroup #36
Inversion Map: e->e a->a b->b c->c 
+,e,a,b,c
e,"{e}","{a}","{b}","{c}"
a,"{a}","{e,a,b}","{a,c}","{b,c}"
b,"{b}","{a,c}","{e,b}","{a,c}"
c,"{c}","{b,c}","{a,c}","{e,a,b,c}"

Non-Isomorphic Polygroup #37
Inversion Map: e->e a->a b->b c->c 
+,e,a,b,c
e,"{e}","{a}","{b}","{c}"
a,"{a}","{e,a,b}","{a,c}","{b,c}"
b,"{b}","{a,c}","{e,c}","{a,b,c}"
c,"{c}","{b,c}","{a,b,c}","{e,a,b}"

Non-Isomorphic Polygroup #38
Inversion Map: e->e a->a b->b c->c 
+,e,a,b,c
e,"{e}","{a}","{b}","{c}"
a,"{a}","{e,a,b}","{a,c}","{b,c}"
b,"{b}","{a,c}","{e,c}","{a,b,c}"
c,"{c}","{b,c}","{a,b,c}","{e,a,b,c}"

Non-Isomorphic Polygroup #39
Inversion Map: e->e a->a b->b c->c 
+,e,a,b,c
e,"{e}","{a}","{b}","{c}"
a,"{a}","{e,a,b}","{a,c}","{b,c}"
b,"{b}","{a,c}","{e,b,c}","{a,b}"
c,"{c}","{b,c}","{a,b}","{e,a,c}"

Non-Isomorphic Polygroup #40
Inversion Map: e->e a->a b->b c->c 
+,e,a,b,c
e,"{e}","{a}","{b}","{c}"
a,"{a}","{e,a,b}","{a,c}","{b,c}"
b,"{b}","{a,c}","{e,b,c}","{a,b,c}"
c,"{c}","{b,c}","{a,b,c}","{e,a,b}"

Non-Isomorphic Polygroup #41
Inversion Map: e->e a->a b->b c->c 
+,e,a,b,c
e,"{e}","{a}","{b}","{c}"
a,"{a}","{e,a,b}","{a,c}","{b,c}"
b,"{b}","{a,c}","{e,b,c}","{a,b,c}"
c,"{c}","{b,c}","{a,b,c}","{e,a,b,c}"

Non-Isomorphic Polygroup #42
Inversion Map: e->e a->a b->b c->c 
+,e,a,b,c
e,"{e}","{a}","{b}","{c}"
a,"{a}","{e,a}","{b,c}","{b,c}"
b,"{b}","{b,c}","{e,a,c}","{a,b,c}"
c,"{c}","{b,c}","{a,b,c}","{e,a,b}"

Non-Isomorphic Polygroup #43
Inversion Map: e->e a->a b->b c->c 
+,e,a,b,c
e,"{e}","{a}","{b}","{c}"
a,"{a}","{e,a}","{b,c}","{b,c}"
b,"{b}","{b,c}","{e,a,c}","{a,b,c}"
c,"{c}","{b,c}","{a,b,c}","{e,a,b,c}"

Non-Isomorphic Polygroup #44
Inversion Map: e->e a->a b->b c->c 
+,e,a,b,c
e,"{e}","{a}","{b}","{c}"
a,"{a}","{e,a}","{b,c}","{b,c}"
b,"{b}","{b,c}","{e,a,b,c}","{a,b,c}"
c,"{c}","{b,c}","{a,b,c}","{e,a,b,c}"

Non-Isomorphic Polygroup #45
Inversion Map: e->e a->a b->b c->c 
+,e,a,b,c
e,"{e}","{a}","{b}","{c}"
a,"{a}","{e,b}","{a,b,c}","{b}"
b,"{b}","{a,b,c}","{e,a,b,c}","{a,b,c}"
c,"{c}","{b}","{a,b,c}","{e,b}"

Non-Isomorphic Polygroup #46
Inversion Map: e->e a->a b->b c->c 
+,e,a,b,c
e,"{e}","{a}","{b}","{c}"
a,"{a}","{e,b}","{a,b,c}","{b}"
b,"{b}","{a,b,c}","{e,a,b,c}","{a,b,c}"
c,"{c}","{b}","{a,b,c}","{e,b,c}"

Non-Isomorphic Polygroup #47
Inversion Map: e->e a->a b->b c->c 
+,e,a,b,c
e,"{e}","{a}","{b}","{c}"
a,"{a}","{e,b}","{a,b,c}","{b,c}"
b,"{b}","{a,b,c}","{e,a,c}","{a,b,c}"
c,"{c}","{b,c}","{a,b,c}","{e,a,b}"

Non-Isomorphic Polygroup #48
Inversion Map: e->e a->a b->b c->c 
+,e,a,b,c
e,"{e}","{a}","{b}","{c}"
a,"{a}","{e,b}","{a,b,c}","{b,c}"
b,"{b}","{a,b,c}","{e,a,c}","{a,b,c}"
c,"{c}","{b,c}","{a,b,c}","{e,a,b,c}"

Non-Isomorphic Polygroup #49
Inversion Map: e->e a->a b->b c->c 
+,e,a,b,c
e,"{e}","{a}","{b}","{c}"
a,"{a}","{e,a,b}","{a,b,c}","{b}"
b,"{b}","{a,b,c}","{e,a,b,c}","{a,b,c}"
c,"{c}","{b}","{a,b,c}","{e,b,c}"

Non-Isomorphic Polygroup #50
Inversion Map: e->e a->a b->b c->c 
+,e,a,b,c
e,"{e}","{a}","{b}","{c}"
a,"{a}","{e,b}","{a,b,c}","{b,c}"
b,"{b}","{a,b,c}","{e,a,b,c}","{a,b,c}"
c,"{c}","{b,c}","{a,b,c}","{e,a,b}"

Non-Isomorphic Polygroup #51
Inversion Map: e->e a->a b->b c->c 
+,e,a,b,c
e,"{e}","{a}","{b}","{c}"
a,"{a}","{e,b}","{a,b,c}","{b,c}"
b,"{b}","{a,b,c}","{e,a,b,c}","{a,b,c}"
c,"{c}","{b,c}","{a,b,c}","{e,a,b,c}"

Non-Isomorphic Polygroup #52
Inversion Map: e->e a->a b->b c->c 
+,e,a,b,c
e,"{e}","{a}","{b}","{c}"
a,"{a}","{e,a,b}","{a,b,c}","{b,c}"
b,"{b}","{a,b,c}","{e,a,b}","{a,c}"
c,"{c}","{b,c}","{a,c}","{e,a,b}"

Non-Isomorphic Polygroup #53
Inversion Map: e->e a->a b->b c->c 
+,e,a,b,c
e,"{e}","{a}","{b}","{c}"
a,"{a}","{e,a,b}","{a,b,c}","{b,c}"
b,"{b}","{a,b,c}","{e,a,b}","{a,c}"
c,"{c}","{b,c}","{a,c}","{e,a,b,c}"

Non-Isomorphic Polygroup #54
Inversion Map: e->e a->a b->b c->c 
+,e,a,b,c
e,"{e}","{a}","{b}","{c}"
a,"{a}","{e,a,b}","{a,b,c}","{b,c}"
b,"{b}","{a,b,c}","{e,a,c}","{a,b,c}"
c,"{c}","{b,c}","{a,b,c}","{e,a,b}"

Non-Isomorphic Polygroup #55
Inversion Map: e->e a->a b->b c->c 
+,e,a,b,c
e,"{e}","{a}","{b}","{c}"
a,"{a}","{e,a,b}","{a,b,c}","{b,c}"
b,"{b}","{a,b,c}","{e,a,c}","{a,b,c}"
c,"{c}","{b,c}","{a,b,c}","{e,a,b,c}"

Non-Isomorphic Polygroup #56
Inversion Map: e->e a->a b->b c->c 
+,e,a,b,c
e,"{e}","{a}","{b}","{c}"
a,"{a}","{e,a,b}","{a,b,c}","{b,c}"
b,"{b}","{a,b,c}","{e,a,b,c}","{a,b,c}"
c,"{c}","{b,c}","{a,b,c}","{e,a,b}"

Non-Isomorphic Polygroup #57
Inversion Map: e->e a->a b->b c->c 
+,e,a,b,c
e,"{e}","{a}","{b}","{c}"
a,"{a}","{e,a,b}","{a,b,c}","{b,c}"
b,"{b}","{a,b,c}","{e,a,b,c}","{a,b,c}"
c,"{c}","{b,c}","{a,b,c}","{e,a,b,c}"

Non-Isomorphic Polygroup #58
Inversion Map: e->e a->a b->b c->c 
+,e,a,b,c
e,"{e}","{a}","{b}","{c}"
a,"{a}","{e,b,c}","{a,b}","{a,c}"
b,"{b}","{a,b}","{e,a,c}","{b,c}"
c,"{c}","{a,c}","{b,c}","{e,a,b}"

Non-Isomorphic Polygroup #59
Inversion Map: e->e a->a b->b c->c 
+,e,a,b,c
e,"{e}","{a}","{b}","{c}"
a,"{a}","{e,b,c}","{a,b}","{a,c}"
b,"{b}","{a,b}","{e,a,c}","{b,c}"
c,"{c}","{a,c}","{b,c}","{e,a,b,c}"

Non-Isomorphic Polygroup #60
Inversion Map: e->e a->a b->b c->c 
+,e,a,b,c
e,"{e}","{a}","{b}","{c}"
a,"{a}","{e,b,c}","{a,b}","{a,c}"
b,"{b}","{a,b}","{e,a,b,c}","{b,c}"
c,"{c}","{a,c}","{b,c}","{e,a,b,c}"

Non-Isomorphic Polygroup #61
Inversion Map: e->e a->a b->b c->c 
+,e,a,b,c
e,"{e}","{a}","{b}","{c}"
a,"{a}","{e,a,b,c}","{a,b}","{a,c}"
b,"{b}","{a,b}","{e,a,b,c}","{b,c}"
c,"{c}","{a,c}","{b,c}","{e,a,b,c}"

Non-Isomorphic Polygroup #62
Inversion Map: e->e a->a b->b c->c 
+,e,a,b,c
e,"{e}","{a}","{b}","{c}"
a,"{a}","{e,b,c}","{a,b,c}","{a,b,c}"
b,"{b}","{a,b,c}","{e,a,c}","{a,b,c}"
c,"{c}","{a,b,c}","{a,b,c}","{e,a,b}"

Non-Isomorphic Polygroup #63
Inversion Map: e->e a->a b->b c->c 
+,e,a,b,c
e,"{e}","{a}","{b}","{c}"
a,"{a}","{e,b,c}","{a,b,c}","{a,b,c}"
b,"{b}","{a,b,c}","{e,a,c}","{a,b,c}"
c,"{c}","{a,b,c}","{a,b,c}","{e,a,b,c}"

Non-Isomorphic Polygroup #64
Inversion Map: e->e a->a b->b c->c 
+,e,a,b,c
e,"{e}","{a}","{b}","{c}"
a,"{a}","{e,b,c}","{a,b,c}","{a,b,c}"
b,"{b}","{a,b,c}","{e,a,b,c}","{a,b,c}"
c,"{c}","{a,b,c}","{a,b,c}","{e,a,b,c}"

Non-Isomorphic Polygroup #65
Inversion Map: e->e a->a b->b c->c 
+,e,a,b,c
e,"{e}","{a}","{b}","{c}"
a,"{a}","{e,a,b,c}","{a,b,c}","{a,b,c}"
b,"{b}","{a,b,c}","{e,a,b,c}","{a,b,c}"
c,"{c}","{a,b,c}","{a,b,c}","{e,a,b,c}"

Non-Isomorphic Polygroup #66
Inversion Map: e->e a->a b->c c->b 
+,e,a,b,c
e,"{e}","{a}","{b}","{c}"
a,"{a}","{e}","{b}","{c}"
b,"{b}","{b}","{b}","{e,a,b,c}"
c,"{c}","{c}","{e,a,b,c}","{c}"

Non-Isomorphic Polygroup #67
Inversion Map: e->e a->a b->c c->b 
+,e,a,b,c
e,"{e}","{a}","{b}","{c}"
a,"{a}","{e}","{b}","{c}"
b,"{b}","{b}","{c}","{e,a}"
c,"{c}","{c}","{e,a}","{b}"

Non-Isomorphic Polygroup #68
Inversion Map: e->e a->a b->c c->b 
+,e,a,b,c
e,"{e}","{a}","{b}","{c}"
a,"{a}","{e}","{b}","{c}"
b,"{b}","{b}","{b,c}","{e,a,b,c}"
c,"{c}","{c}","{e,a,b,c}","{b,c}"

Non-Isomorphic Polygroup #69
Inversion Map: e->e a->a b->c c->b 
+,e,a,b,c
e,"{e}","{a}","{b}","{c}"
a,"{a}","{e,a}","{b}","{c}"
b,"{b}","{b}","{b}","{e,a,b,c}"
c,"{c}","{c}","{e,a,b,c}","{c}"

Non-Isomorphic Polygroup #70
Inversion Map: e->e a->a b->c c->b 
+,e,a,b,c
e,"{e}","{a}","{b}","{c}"
a,"{a}","{e,a}","{b}","{c}"
b,"{b}","{b}","{c}","{e,a}"
c,"{c}","{c}","{e,a}","{b}"

Non-Isomorphic Polygroup #71
Inversion Map: e->e a->a b->c c->b 
+,e,a,b,c
e,"{e}","{a}","{b}","{c}"
a,"{a}","{e,a}","{b}","{c}"
b,"{b}","{b}","{b,c}","{e,a,b,c}"
c,"{c}","{c}","{e,a,b,c}","{b,c}"

Non-Isomorphic Polygroup #72
Inversion Map: e->e a->a b->c c->b 
+,e,a,b,c
e,"{e}","{a}","{b}","{c}"
a,"{a}","{e}","{c}","{b}"
b,"{b}","{c}","{a}","{e}"
c,"{c}","{b}","{e}","{a}"

Non-Isomorphic Polygroup #73
Inversion Map: e->e a->a b->c c->b 
+,e,a,b,c
e,"{e}","{a}","{b}","{c}"
a,"{a}","{e}","{c}","{b}"
b,"{b}","{c}","{a,b,c}","{e,b,c}"
c,"{c}","{b}","{e,b,c}","{a,b,c}"

Non-Isomorphic Polygroup #74
Inversion Map: e->e a->a b->c c->b 
+,e,a,b,c
e,"{e}","{a}","{b}","{c}"
a,"{a}","{e,a}","{b,c}","{b,c}"
b,"{b}","{b,c}","{a}","{e,a}"
c,"{c}","{b,c}","{e,a}","{a}"

Non-Isomorphic Polygroup #75
Inversion Map: e->e a->a b->c c->b 
+,e,a,b,c
e,"{e}","{a}","{b}","{c}"
a,"{a}","{e,a}","{b,c}","{b,c}"
b,"{b}","{b,c}","{a,b}","{e,a,b,c}"
c,"{c}","{b,c}","{e,a,b,c}","{a,c}"

Non-Isomorphic Polygroup #76
Inversion Map: e->e a->a b->c c->b 
+,e,a,b,c
e,"{e}","{a}","{b}","{c}"
a,"{a}","{e,a}","{b,c}","{b,c}"
b,"{b}","{b,c}","{a,b,c}","{e,a,b,c}"
c,"{c}","{b,c}","{e,a,b,c}","{a,b,c}"

Non-Isomorphic Polygroup #77
Inversion Map: e->e a->a b->c c->b 
+,e,a,b,c
e,"{e}","{a}","{b}","{c}"
a,"{a}","{e,b,c}","{a}","{a}"
b,"{b}","{a}","{b}","{e,b,c}"
c,"{c}","{a}","{e,b,c}","{c}"

Non-Isomorphic Polygroup #78
Inversion Map: e->e a->a b->c c->b 
+,e,a,b,c
e,"{e}","{a}","{b}","{c}"
a,"{a}","{e,b,c}","{a}","{a}"
b,"{b}","{a}","{c}","{e}"
c,"{c}","{a}","{e}","{b}"

Non-Isomorphic Polygroup #79
Inversion Map: e->e a->a b->c c->b 
+,e,a,b,c
e,"{e}","{a}","{b}","{c}"
a,"{a}","{e,b,c}","{a}","{a}"
b,"{b}","{a}","{b,c}","{e,b,c}"
c,"{c}","{a}","{e,b,c}","{b,c}"

Non-Isomorphic Polygroup #80
Inversion Map: e->e a->a b->c c->b 
+,e,a,b,c
e,"{e}","{a}","{b}","{c}"
a,"{a}","{e,a,b,c}","{a}","{a}"
b,"{b}","{a}","{b}","{e,b,c}"
c,"{c}","{a}","{e,b,c}","{c}"

Non-Isomorphic Polygroup #81
Inversion Map: e->e a->a b->c c->b 
+,e,a,b,c
e,"{e}","{a}","{b}","{c}"
a,"{a}","{e,a,b,c}","{a}","{a}"
b,"{b}","{a}","{c}","{e}"
c,"{c}","{a}","{e}","{b}"

Non-Isomorphic Polygroup #82
Inversion Map: e->e a->a b->c c->b 
+,e,a,b,c
e,"{e}","{a}","{b}","{c}"
a,"{a}","{e,a,b,c}","{a}","{a}"
b,"{b}","{a}","{b,c}","{e,b,c}"
c,"{c}","{a}","{e,b,c}","{b,c}"

Non-Isomorphic Polygroup #83
Inversion Map: e->e a->a b->c c->b 
+,e,a,b,c
e,"{e}","{a}","{b}","{c}"
a,"{a}","{e,b,c}","{a,b}","{a,c}"
b,"{b}","{a,b}","{b}","{e,a,b,c}"
c,"{c}","{a,c}","{e,a,b,c}","{c}"

Non-Isomorphic Polygroup #84
Inversion Map: e->e a->a b->c c->b 
+,e,a,b,c
e,"{e}","{a}","{b}","{c}"
a,"{a}","{e,b,c}","{a,b}","{a,c}"
b,"{b}","{a,b}","{b,c}","{e,a,b,c}"
c,"{c}","{a,c}","{e,a,b,c}","{b,c}"

Non-Isomorphic Polygroup #85
Inversion Map: e->e a->a b->c c->b 
+,e,a,b,c
e,"{e}","{a}","{b}","{c}"
a,"{a}","{e,a,b,c}","{a,b}","{a,c}"
b,"{b}","{a,b}","{b}","{e,a,b,c}"
c,"{c}","{a,c}","{e,a,b,c}","{c}"

Non-Isomorphic Polygroup #86
Inversion Map: e->e a->a b->c c->b 
+,e,a,b,c
e,"{e}","{a}","{b}","{c}"
a,"{a}","{e,a,b,c}","{a,b}","{a,c}"
b,"{b}","{a,b}","{b,c}","{e,a,b,c}"
c,"{c}","{a,c}","{e,a,b,c}","{b,c}"

Non-Isomorphic Polygroup #87
Inversion Map: e->e a->a b->c c->b 
+,e,a,b,c
e,"{e}","{a}","{b}","{c}"
a,"{a}","{e,a,b,c}","{a,c}","{a,b}"
b,"{b}","{a,c}","{a,b}","{e,b,c}"
c,"{c}","{a,b}","{e,b,c}","{a,c}"

Non-Isomorphic Polygroup #88
Inversion Map: e->e a->a b->c c->b 
+,e,a,b,c
e,"{e}","{a}","{b}","{c}"
a,"{a}","{e,a,b,c}","{a,c}","{a,b}"
b,"{b}","{a,c}","{a,b,c}","{e,b,c}"
c,"{c}","{a,b}","{e,b,c}","{a,b,c}"

Non-Isomorphic Polygroup #89
Inversion Map: e->e a->a b->c c->b 
+,e,a,b,c
e,"{e}","{a}","{b}","{c}"
a,"{a}","{e,b,c}","{a,c}","{a,b}"
b,"{b}","{a,c}","{a,b}","{e,b,c}"
c,"{c}","{a,b}","{e,b,c}","{a,c}"

Non-Isomorphic Polygroup #90
Inversion Map: e->e a->a b->c c->b 
+,e,a,b,c
e,"{e}","{a}","{b}","{c}"
a,"{a}","{e,b,c}","{a,c}","{a,b}"
b,"{b}","{a,c}","{a,b,c}","{e,b,c}"
c,"{c}","{a,b}","{e,b,c}","{a,b,c}"

Non-Isomorphic Polygroup #91
Inversion Map: e->e a->a b->c c->b 
+,e,a,b,c
e,"{e}","{a}","{b}","{c}"
a,"{a}","{e,a,b,c}","{a,b,c}","{a,b,c}"
b,"{b}","{a,b,c}","{a}","{e,a}"
c,"{c}","{a,b,c}","{e,a}","{a}"

Non-Isomorphic Polygroup #92
Inversion Map: e->e a->a b->c c->b 
+,e,a,b,c
e,"{e}","{a}","{b}","{c}"
a,"{a}","{e,a,b,c}","{a,b,c}","{a,b,c}"
b,"{b}","{a,b,c}","{a,b}","{e,a,b,c}"
c,"{c}","{a,b,c}","{e,a,b,c}","{a,c}"

Non-Isomorphic Polygroup #93
Inversion Map: e->e a->a b->c c->b 
+,e,a,b,c
e,"{e}","{a}","{b}","{c}"
a,"{a}","{e,a,b,c}","{a,b,c}","{a,b,c}"
b,"{b}","{a,b,c}","{a,c}","{e,a}"
c,"{c}","{a,b,c}","{e,a}","{a,b}"

Non-Isomorphic Polygroup #94
Inversion Map: e->e a->a b->c c->b 
+,e,a,b,c
e,"{e}","{a}","{b}","{c}"
a,"{a}","{e,a,b,c}","{a,b,c}","{a,b,c}"
b,"{b}","{a,b,c}","{a,b,c}","{e,a,b,c}"
c,"{c}","{a,b,c}","{e,a,b,c}","{a,b,c}"

Non-Isomorphic Polygroup #95
Inversion Map: e->e a->a b->c c->b 
+,e,a,b,c
e,"{e}","{a}","{b}","{c}"
a,"{a}","{e,b,c}","{a,b,c}","{a,b,c}"
b,"{b}","{a,b,c}","{a,b}","{e,a,b,c}"
c,"{c}","{a,b,c}","{e,a,b,c}","{a,c}"

Non-Isomorphic Polygroup #96
Inversion Map: e->e a->a b->c c->b 
+,e,a,b,c
e,"{e}","{a}","{b}","{c}"
a,"{a}","{e,b,c}","{a,b,c}","{a,b,c}"
b,"{b}","{a,b,c}","{a,c}","{e,a}"
c,"{c}","{a,b,c}","{e,a}","{a,b}"

Non-Isomorphic Polygroup #97
Inversion Map: e->e a->a b->c c->b 
+,e,a,b,c
e,"{e}","{a}","{b}","{c}"
a,"{a}","{e,b,c}","{a,b,c}","{a,b,c}"
b,"{b}","{a,b,c}","{a,b,c}","{e,a,b,c}"
c,"{c}","{a,b,c}","{e,a,b,c}","{a,b,c}"

Non-Isomorphic Polygroup #98
Inversion Map: e->e a->a b->c c->b 
+,e,a,b,c
e,"{e}","{a}","{b}","{c}"
a,"{a}","{e,a,b,c}","{a}","{a,c}"
b,"{b}","{a,b}","{b}","{e,b,c}"
c,"{c}","{a}","{e,a,b,c}","{c}"

Non-Isomorphic Polygroup #99
Inversion Map: e->e a->a b->c c->b 
+,e,a,b,c
e,"{e}","{a}","{b}","{c}"
a,"{a}","{e,b,c}","{a,c}","{a,b,c}"
b,"{b}","{a,b,c}","{a,b}","{e,b,c}"
c,"{c}","{a,b}","{e,a,b,c}","{a,c}"

Non-Isomorphic Polygroup #100
Inversion Map: e->e a->a b->c c->b 
+,e,a,b,c
e,"{e}","{a}","{b}","{c}"
a,"{a}","{e,a,b,c}","{a,c}","{a,b,c}"
b,"{b}","{a,b,c}","{a,b}","{e,b,c}"
c,"{c}","{a,b}","{e,a,b,c}","{a,c}"

Non-Isomorphic Polygroup #101
Inversion Map: e->e a->a b->c c->b 
+,e,a,b,c
e,"{e}","{a}","{b}","{c}"
a,"{a}","{e,b,c}","{a,c}","{a,b,c}"
b,"{b}","{a,b,c}","{a,b,c}","{e,b,c}"
c,"{c}","{a,b}","{e,a,b,c}","{a,b,c}"

Non-Isomorphic Polygroup #102
Inversion Map: e->e a->a b->c c->b 
+,e,a,b,c
e,"{e}","{a}","{b}","{c}"
a,"{a}","{e,a,b,c}","{a,c}","{a,b,c}"
b,"{b}","{a,b,c}","{a,b,c}","{e,b,c}"
c,"{c}","{a,b}","{e,a,b,c}","{a,b,c}"

