Non-Isomorphic Semigroup #1
.,e,a,b,c
e,e,e,e,e
a,e,e,e,e
b,e,e,e,e
c,e,e,e,e

Non-Isomorphic Semigroup #2
.,e,a,b,c
e,e,e,e,e
a,e,e,e,e
b,e,e,e,e
c,e,e,e,a

Non-Isomorphic Semigroup #3
.,e,a,b,c
e,e,e,e,e
a,e,e,e,e
b,e,e,e,e
c,e,e,e,c

Non-Isomorphic Semigroup #4
.,e,a,b,c
e,e,e,e,e
a,e,e,e,e
b,e,e,e,e
c,e,e,a,e

Non-Isomorphic Semigroup #5
.,e,a,b,c
e,e,e,e,e
a,e,e,e,e
b,e,e,e,e
c,e,e,a,a

Non-Isomorphic Semigroup #6
.,e,a,b,c
e,e,e,e,e
a,e,e,e,e
b,e,e,e,e
c,e,e,b,c

Non-Isomorphic Semigroup #7
.,e,a,b,c
e,e,e,e,e
a,e,e,e,e
b,e,e,e,e
c,e,a,a,c

Non-Isomorphic Semigroup #8
.,e,a,b,c
e,e,e,e,e
a,e,e,e,e
b,e,e,e,e
c,e,a,b,c

Non-Isomorphic Semigroup #9
.,e,a,b,c
e,e,e,e,e
a,e,e,e,e
b,e,e,e,a
c,e,e,e,a

Non-Isomorphic Semigroup #10
.,e,a,b,c
e,e,e,e,e
a,e,e,e,e
b,e,e,e,a
c,e,e,a,e

Non-Isomorphic Semigroup #11
.,e,a,b,c
e,e,e,e,e
a,e,e,e,e
b,e,e,e,a
c,e,e,a,a

Non-Isomorphic Semigroup #12
.,e,a,b,c
e,e,e,e,e
a,e,e,e,e
b,e,e,e,a
c,e,e,a,b

Non-Isomorphic Semigroup #13
.,e,a,b,c
e,e,e,e,e
a,e,e,e,e
b,e,e,e,b
c,e,e,e,c

Non-Isomorphic Semigroup #14
.,e,a,b,c
e,e,e,e,e
a,e,e,e,e
b,e,e,e,b
c,e,e,b,c

Non-Isomorphic Semigroup #15
.,e,a,b,c
e,e,e,e,e
a,e,e,e,e
b,e,e,e,b
c,e,a,e,c

Non-Isomorphic Semigroup #16
.,e,a,b,c
e,e,e,e,e
a,e,e,e,e
b,e,e,e,b
c,e,a,b,c

Non-Isomorphic Semigroup #17
.,e,a,b,c
e,e,e,e,e
a,e,e,e,e
b,e,e,a,e
c,e,e,e,a

Non-Isomorphic Semigroup #18
.,e,a,b,c
e,e,e,e,e
a,e,e,e,e
b,e,e,a,e
c,e,e,e,c

Non-Isomorphic Semigroup #19
.,e,a,b,c
e,e,e,e,e
a,e,e,e,e
b,e,e,a,e
c,e,e,a,a

Non-Isomorphic Semigroup #20
.,e,a,b,c
e,e,e,e,e
a,e,e,e,e
b,e,e,a,a
c,e,e,a,a

Non-Isomorphic Semigroup #21
.,e,a,b,c
e,e,e,e,e
a,e,e,e,e
b,e,e,b,e
c,e,e,e,c

Non-Isomorphic Semigroup #22
.,e,a,b,c
e,e,e,e,e
a,e,e,e,e
b,e,e,b,e
c,e,a,e,c

Non-Isomorphic Semigroup #23
.,e,a,b,c
e,e,e,e,e
a,e,e,e,e
b,e,e,b,b
c,e,e,b,b

Non-Isomorphic Semigroup #24
.,e,a,b,c
e,e,e,e,e
a,e,e,e,e
b,e,e,b,b
c,e,e,b,c

Non-Isomorphic Semigroup #25
.,e,a,b,c
e,e,e,e,e
a,e,e,e,e
b,e,e,b,b
c,e,e,c,c

Non-Isomorphic Semigroup #26
.,e,a,b,c
e,e,e,e,e
a,e,e,e,e
b,e,e,b,b
c,e,a,b,c

Non-Isomorphic Semigroup #27
.,e,a,b,c
e,e,e,e,e
a,e,e,e,e
b,e,e,b,c
c,e,e,b,c

Non-Isomorphic Semigroup #28
.,e,a,b,c
e,e,e,e,e
a,e,e,e,e
b,e,e,b,c
c,e,e,c,b

Non-Isomorphic Semigroup #29
.,e,a,b,c
e,e,e,e,e
a,e,e,e,e
b,e,a,b,b
c,e,a,b,b

Non-Isomorphic Semigroup #30
.,e,a,b,c
e,e,e,e,e
a,e,e,e,e
b,e,a,b,b
c,e,a,b,c

Non-Isomorphic Semigroup #31
.,e,a,b,c
e,e,e,e,e
a,e,e,e,e
b,e,a,b,b
c,e,a,c,c

Non-Isomorphic Semigroup #32
.,e,a,b,c
e,e,e,e,e
a,e,e,e,e
b,e,a,b,c
c,e,a,b,c

Non-Isomorphic Semigroup #33
.,e,a,b,c
e,e,e,e,e
a,e,e,e,e
b,e,a,b,c
c,e,a,c,b

Non-Isomorphic Semigroup #34
.,e,a,b,c
e,e,e,e,e
a,e,e,e,a
b,e,e,e,a
c,e,e,e,c

Non-Isomorphic Semigroup #35
.,e,a,b,c
e,e,e,e,e
a,e,e,e,a
b,e,e,e,a
c,e,a,a,c

Non-Isomorphic Semigroup #36
.,e,a,b,c
e,e,e,e,e
a,e,e,e,a
b,e,e,e,a
c,e,a,b,c

Non-Isomorphic Semigroup #37
.,e,a,b,c
e,e,e,e,e
a,e,e,e,a
b,e,e,e,b
c,e,e,e,c

Non-Isomorphic Semigroup #38
.,e,a,b,c
e,e,e,e,e
a,e,e,e,a
b,e,e,e,b
c,e,e,b,c

Non-Isomorphic Semigroup #39
.,e,a,b,c
e,e,e,e,e
a,e,e,e,a
b,e,e,e,b
c,e,a,a,c

Non-Isomorphic Semigroup #40
.,e,a,b,c
e,e,e,e,e
a,e,e,e,a
b,e,e,e,b
c,e,a,b,c

Non-Isomorphic Semigroup #41
.,e,a,b,c
e,e,e,e,e
a,e,e,e,a
b,e,e,a,b
c,e,a,b,c

Non-Isomorphic Semigroup #42
.,e,a,b,c
e,e,e,e,e
a,e,e,e,a
b,e,e,b,e
c,e,e,e,c

Non-Isomorphic Semigroup #43
.,e,a,b,c
e,e,e,e,e
a,e,e,e,a
b,e,e,b,e
c,e,a,e,c

Non-Isomorphic Semigroup #44
.,e,a,b,c
e,e,e,e,e
a,e,e,e,a
b,e,e,b,b
c,e,e,b,c

Non-Isomorphic Semigroup #45
.,e,a,b,c
e,e,e,e,e
a,e,e,e,a
b,e,e,b,b
c,e,a,b,c

Non-Isomorphic Semigroup #46
.,e,a,b,c
e,e,e,e,e
a,e,e,e,a
b,e,a,b,e
c,e,e,e,c

Non-Isomorphic Semigroup #47
.,e,a,b,c
e,e,e,e,e
a,e,e,e,a
b,e,a,b,a
c,e,e,e,c

Non-Isomorphic Semigroup #48
.,e,a,b,c
e,e,e,e,e
a,e,e,e,a
b,e,a,b,b
c,e,a,b,c

Non-Isomorphic Semigroup #49
.,e,a,b,c
e,e,e,e,e
a,e,e,a,a
b,e,e,b,b
c,e,e,b,b

Non-Isomorphic Semigroup #50
.,e,a,b,c
e,e,e,e,e
a,e,e,a,a
b,e,e,b,b
c,e,e,b,c

Non-Isomorphic Semigroup #51
.,e,a,b,c
e,e,e,e,e
a,e,e,a,a
b,e,e,b,b
c,e,e,c,c

Non-Isomorphic Semigroup #52
.,e,a,b,c
e,e,e,e,e
a,e,e,a,a
b,e,e,b,b
c,e,a,b,c

Non-Isomorphic Semigroup #53
.,e,a,b,c
e,e,e,e,e
a,e,e,a,a
b,e,e,b,c
c,e,e,b,c

Non-Isomorphic Semigroup #54
.,e,a,b,c
e,e,e,e,e
a,e,e,a,a
b,e,e,b,c
c,e,e,c,b

Non-Isomorphic Semigroup #55
.,e,a,b,c
e,e,e,e,e
a,e,e,a,a
b,e,a,b,b
c,e,a,b,b

Non-Isomorphic Semigroup #56
.,e,a,b,c
e,e,e,e,e
a,e,e,a,a
b,e,a,b,b
c,e,a,b,c

Non-Isomorphic Semigroup #57
.,e,a,b,c
e,e,e,e,e
a,e,e,a,a
b,e,a,b,b
c,e,a,c,c

Non-Isomorphic Semigroup #58
.,e,a,b,c
e,e,e,e,e
a,e,e,a,a
b,e,a,b,c
c,e,a,b,c

Non-Isomorphic Semigroup #59
.,e,a,b,c
e,e,e,e,e
a,e,e,a,a
b,e,a,b,c
c,e,a,c,b

Non-Isomorphic Semigroup #60
.,e,a,b,c
e,e,a,e,e
a,e,a,e,e
b,e,a,e,e
c,e,a,e,e

Non-Isomorphic Semigroup #61
.,e,a,b,c
e,e,a,e,e
a,e,a,e,e
b,e,a,e,e
c,e,a,e,b

Non-Isomorphic Semigroup #62
.,e,a,b,c
e,e,a,e,e
a,e,a,e,e
b,e,a,e,e
c,e,a,e,c

Non-Isomorphic Semigroup #63
.,e,a,b,c
e,e,a,e,e
a,e,a,e,e
b,e,a,e,e
c,e,a,b,c

Non-Isomorphic Semigroup #64
.,e,a,b,c
e,e,a,e,e
a,e,a,e,e
b,e,a,e,b
c,e,a,e,c

Non-Isomorphic Semigroup #65
.,e,a,b,c
e,e,a,e,e
a,e,a,e,e
b,e,a,e,b
c,e,a,b,c

Non-Isomorphic Semigroup #66
.,e,a,b,c
e,e,a,e,e
a,e,a,e,e
b,e,a,b,e
c,e,a,e,c

Non-Isomorphic Semigroup #67
.,e,a,b,c
e,e,a,e,e
a,e,a,e,e
b,e,a,b,b
c,e,a,b,b

Non-Isomorphic Semigroup #68
.,e,a,b,c
e,e,a,e,e
a,e,a,e,e
b,e,a,b,b
c,e,a,b,c

Non-Isomorphic Semigroup #69
.,e,a,b,c
e,e,a,e,e
a,e,a,e,e
b,e,a,b,b
c,e,a,c,c

Non-Isomorphic Semigroup #70
.,e,a,b,c
e,e,a,e,e
a,e,a,e,e
b,e,a,b,c
c,e,a,b,c

Non-Isomorphic Semigroup #71
.,e,a,b,c
e,e,a,e,e
a,e,a,e,e
b,e,a,b,c
c,e,a,c,b

Non-Isomorphic Semigroup #72
.,e,a,b,c
e,e,a,e,e
a,e,a,e,a
b,e,a,e,e
c,e,a,e,c

Non-Isomorphic Semigroup #73
.,e,a,b,c
e,e,a,e,e
a,e,a,e,a
b,e,a,e,e
c,e,a,b,c

Non-Isomorphic Semigroup #74
.,e,a,b,c
e,e,a,e,e
a,e,a,e,a
b,e,a,e,b
c,e,a,e,c

Non-Isomorphic Semigroup #75
.,e,a,b,c
e,e,a,e,e
a,e,a,e,a
b,e,a,e,b
c,e,a,b,c

Non-Isomorphic Semigroup #76
.,e,a,b,c
e,e,a,e,e
a,e,a,e,a
b,e,a,b,e
c,e,a,e,c

Non-Isomorphic Semigroup #77
.,e,a,b,c
e,e,a,e,e
a,e,a,e,a
b,e,a,b,b
c,e,a,b,c

Non-Isomorphic Semigroup #78
.,e,a,b,c
e,e,a,e,e
a,e,a,a,a
b,e,a,b,b
c,e,a,b,b

Non-Isomorphic Semigroup #79
.,e,a,b,c
e,e,a,e,e
a,e,a,a,a
b,e,a,b,b
c,e,a,b,c

Non-Isomorphic Semigroup #80
.,e,a,b,c
e,e,a,e,e
a,e,a,a,a
b,e,a,b,b
c,e,a,c,c

Non-Isomorphic Semigroup #81
.,e,a,b,c
e,e,a,e,e
a,e,a,a,a
b,e,a,b,c
c,e,a,b,c

Non-Isomorphic Semigroup #82
.,e,a,b,c
e,e,a,e,e
a,e,a,a,a
b,e,a,b,c
c,e,a,c,b

Non-Isomorphic Semigroup #83
.,e,a,b,c
e,e,e,e,e
a,e,a,e,e
b,e,e,b,e
c,e,e,e,c

Non-Isomorphic Semigroup #84
.,e,a,b,c
e,e,e,e,e
a,e,a,e,e
b,e,e,b,b
c,e,e,b,b

Non-Isomorphic Semigroup #85
.,e,a,b,c
e,e,e,e,e
a,e,a,e,e
b,e,e,b,b
c,e,e,b,c

Non-Isomorphic Semigroup #86
.,e,a,b,c
e,e,e,e,e
a,e,a,e,e
b,e,e,b,b
c,e,e,c,c

Non-Isomorphic Semigroup #87
.,e,a,b,c
e,e,e,e,e
a,e,a,e,e
b,e,e,b,c
c,e,e,b,c

Non-Isomorphic Semigroup #88
.,e,a,b,c
e,e,e,e,e
a,e,a,e,e
b,e,e,b,c
c,e,e,c,b

Non-Isomorphic Semigroup #89
.,e,a,b,c
e,e,e,e,e
a,e,a,e,a
b,e,e,b,b
c,e,a,b,c

Non-Isomorphic Semigroup #90
.,e,a,b,c
e,e,e,e,e
a,e,a,a,a
b,e,a,a,a
c,e,a,a,a

Non-Isomorphic Semigroup #91
.,e,a,b,c
e,e,e,e,e
a,e,a,a,a
b,e,a,a,a
c,e,a,a,b

Non-Isomorphic Semigroup #92
.,e,a,b,c
e,e,e,e,e
a,e,a,a,a
b,e,a,a,a
c,e,a,a,c

Non-Isomorphic Semigroup #93
.,e,a,b,c
e,e,e,e,e
a,e,a,a,a
b,e,a,a,a
c,e,a,b,c

Non-Isomorphic Semigroup #94
.,e,a,b,c
e,e,e,e,e
a,e,a,a,a
b,e,a,a,a
c,e,c,c,c

Non-Isomorphic Semigroup #95
.,e,a,b,c
e,e,e,e,e
a,e,a,a,a
b,e,a,a,b
c,e,a,a,c

Non-Isomorphic Semigroup #96
.,e,a,b,c
e,e,e,e,e
a,e,a,a,a
b,e,a,a,b
c,e,a,b,c

Non-Isomorphic Semigroup #97
.,e,a,b,c
e,e,e,e,e
a,e,a,a,a
b,e,a,b,a
c,e,a,a,c

Non-Isomorphic Semigroup #98
.,e,a,b,c
e,e,e,e,e
a,e,a,a,a
b,e,a,b,a
c,e,c,c,c

Non-Isomorphic Semigroup #99
.,e,a,b,c
e,e,e,e,e
a,e,a,a,a
b,e,a,b,b
c,e,a,b,b

Non-Isomorphic Semigroup #100
.,e,a,b,c
e,e,e,e,e
a,e,a,a,a
b,e,a,b,b
c,e,a,b,c

Non-Isomorphic Semigroup #101
.,e,a,b,c
e,e,e,e,e
a,e,a,a,a
b,e,a,b,b
c,e,a,c,c

Non-Isomorphic Semigroup #102
.,e,a,b,c
e,e,e,e,e
a,e,a,a,a
b,e,a,b,c
c,e,a,b,c

Non-Isomorphic Semigroup #103
.,e,a,b,c
e,e,e,e,e
a,e,a,a,a
b,e,a,b,c
c,e,a,c,b

Non-Isomorphic Semigroup #104
.,e,a,b,c
e,e,e,e,e
a,e,a,a,a
b,e,a,b,c
c,e,c,c,c

Non-Isomorphic Semigroup #105
.,e,a,b,c
e,e,e,e,e
a,e,a,a,a
b,e,b,b,b
c,e,c,c,c

Non-Isomorphic Semigroup #106
.,e,a,b,c
e,e,e,e,e
a,e,a,a,c
b,e,a,a,c
c,e,a,a,c

Non-Isomorphic Semigroup #107
.,e,a,b,c
e,e,e,e,e
a,e,a,a,c
b,e,a,a,c
c,e,c,c,a

Non-Isomorphic Semigroup #108
.,e,a,b,c
e,e,e,e,e
a,e,a,a,c
b,e,a,b,c
c,e,a,a,c

Non-Isomorphic Semigroup #109
.,e,a,b,c
e,e,e,e,e
a,e,a,a,c
b,e,a,b,c
c,e,a,c,c

Non-Isomorphic Semigroup #110
.,e,a,b,c
e,e,e,e,e
a,e,a,a,c
b,e,a,b,c
c,e,c,c,a

Non-Isomorphic Semigroup #111
.,e,a,b,c
e,e,e,e,e
a,e,a,b,b
b,e,b,a,a
c,e,b,a,a

Non-Isomorphic Semigroup #112
.,e,a,b,c
e,e,e,e,e
a,e,a,b,c
b,e,a,b,c
c,e,a,b,c

Non-Isomorphic Semigroup #113
.,e,a,b,c
e,e,e,e,e
a,e,a,b,c
b,e,b,c,a
c,e,c,a,b

Non-Isomorphic Semigroup #114
.,e,a,b,c
e,e,a,e,a
a,e,a,e,a
b,e,a,e,a
c,e,a,e,a

Non-Isomorphic Semigroup #115
.,e,a,b,c
e,e,a,e,a
a,e,a,e,a
b,e,a,e,a
c,e,a,e,c

Non-Isomorphic Semigroup #116
.,e,a,b,c
e,e,a,e,a
a,e,a,e,a
b,e,a,e,a
c,e,a,b,c

Non-Isomorphic Semigroup #117
.,e,a,b,c
e,e,a,e,a
a,e,a,e,a
b,e,a,b,a
c,e,a,e,a

Non-Isomorphic Semigroup #118
.,e,a,b,c
e,e,a,e,a
a,e,a,e,a
b,e,a,b,a
c,e,a,e,c

Non-Isomorphic Semigroup #119
.,e,a,b,c
e,e,a,e,a
a,e,a,e,a
b,e,a,b,c
c,e,a,e,a

Non-Isomorphic Semigroup #120
.,e,a,b,c
e,e,a,e,a
a,e,a,e,a
b,e,a,b,c
c,e,a,b,c

Non-Isomorphic Semigroup #121
.,e,a,b,c
e,e,a,e,a
a,e,a,a,e
b,e,a,b,c
c,e,a,c,b

Non-Isomorphic Semigroup #122
.,e,a,b,c
e,e,a,e,a
a,e,a,a,a
b,e,a,b,a
c,e,a,a,a

Non-Isomorphic Semigroup #123
.,e,a,b,c
e,e,a,e,a
a,e,a,a,a
b,e,a,b,a
c,e,a,a,c

Non-Isomorphic Semigroup #124
.,e,a,b,c
e,e,a,e,a
a,e,a,a,a
b,e,a,b,a
c,e,a,c,a

Non-Isomorphic Semigroup #125
.,e,a,b,c
e,e,a,e,a
a,e,a,a,a
b,e,a,b,c
c,e,a,a,a

Non-Isomorphic Semigroup #126
.,e,a,b,c
e,e,a,e,a
a,e,a,a,a
b,e,a,b,c
c,e,a,c,a

Non-Isomorphic Semigroup #127
.,e,a,b,c
e,e,a,e,a
a,e,a,a,a
b,e,a,b,c
c,e,a,c,c

Non-Isomorphic Semigroup #128
.,e,a,b,c
e,e,a,e,c
a,e,a,e,c
b,e,a,e,c
c,e,a,e,c

Non-Isomorphic Semigroup #129
.,e,a,b,c
e,e,a,e,c
a,e,a,e,c
b,e,a,e,c
c,e,a,a,c

Non-Isomorphic Semigroup #130
.,e,a,b,c
e,e,a,e,c
a,e,a,e,c
b,e,a,b,c
c,e,a,e,c

Non-Isomorphic Semigroup #131
.,e,a,b,c
e,e,a,e,c
a,e,a,e,c
b,e,a,b,c
c,e,a,c,c

Non-Isomorphic Semigroup #132
.,e,a,b,c
e,e,a,e,c
a,e,a,a,c
b,e,a,b,c
c,e,a,a,c

Non-Isomorphic Semigroup #133
.,e,a,b,c
e,e,a,e,c
a,e,a,a,c
b,e,a,b,c
c,e,a,c,c

Non-Isomorphic Semigroup #134
.,e,a,b,c
e,e,a,a,a
a,e,a,a,a
b,e,a,a,a
c,e,a,a,a

Non-Isomorphic Semigroup #135
.,e,a,b,c
e,e,a,a,a
a,e,a,a,a
b,e,a,a,a
c,e,a,a,b

Non-Isomorphic Semigroup #136
.,e,a,b,c
e,e,a,a,a
a,e,a,a,a
b,e,a,a,a
c,e,a,a,c

Non-Isomorphic Semigroup #137
.,e,a,b,c
e,e,a,a,a
a,e,a,a,a
b,e,a,a,a
c,e,a,b,c

Non-Isomorphic Semigroup #138
.,e,a,b,c
e,e,a,a,a
a,e,a,a,a
b,e,a,a,b
c,e,a,a,c

Non-Isomorphic Semigroup #139
.,e,a,b,c
e,e,a,a,a
a,e,a,a,a
b,e,a,a,b
c,e,a,b,c

Non-Isomorphic Semigroup #140
.,e,a,b,c
e,e,a,a,a
a,e,a,a,a
b,e,a,b,a
c,e,a,a,c

Non-Isomorphic Semigroup #141
.,e,a,b,c
e,e,a,a,a
a,e,a,a,a
b,e,a,b,b
c,e,a,b,b

Non-Isomorphic Semigroup #142
.,e,a,b,c
e,e,a,a,a
a,e,a,a,a
b,e,a,b,b
c,e,a,b,c

Non-Isomorphic Semigroup #143
.,e,a,b,c
e,e,a,a,a
a,e,a,a,a
b,e,a,b,b
c,e,a,c,c

Non-Isomorphic Semigroup #144
.,e,a,b,c
e,e,a,a,a
a,e,a,a,a
b,e,a,b,c
c,e,a,b,c

Non-Isomorphic Semigroup #145
.,e,a,b,c
e,e,a,a,a
a,e,a,a,a
b,e,a,b,c
c,e,a,c,b

Non-Isomorphic Semigroup #146
.,e,a,b,c
e,e,c,b,c
a,e,a,b,c
b,e,b,b,c
c,e,c,b,c

Non-Isomorphic Semigroup #147
.,e,a,b,c
e,e,c,b,c
a,e,a,b,c
b,e,c,b,c
c,e,c,b,c

Non-Isomorphic Semigroup #148
.,e,a,b,c
e,e,a,a,c
a,e,a,a,c
b,e,a,a,c
c,e,a,e,c

Non-Isomorphic Semigroup #149
.,e,a,b,c
e,e,a,a,c
a,e,a,a,c
b,e,a,a,c
c,e,a,a,c

Non-Isomorphic Semigroup #150
.,e,a,b,c
e,e,a,a,c
a,e,a,c,c
b,e,a,c,c
c,e,a,c,c

Non-Isomorphic Semigroup #151
.,e,a,b,c
e,e,a,b,c
a,e,a,b,c
b,e,a,b,c
c,e,a,b,c

