id,polygroup_id,semigroup_id,add_code,mult_code,add_table,mult_table,add_commutative,mult_commutative,aut_order,aut_structure,fund_group_additive,fund_group_full
KR_1,PG_1,SG_1,148438887,000000000000,1248|2148|4438|8887,0000|0000|0000|0000,1,1,1,1,Z2,Z2
KR_2,PG_1,SG_2,148438887,000000000001,1248|2148|4438|8887,0000|0000|0000|0001,1,1,1,1,Z2,Z2
KR_3,PG_1,SG_12,148438887,000000001012,1248|2148|4438|8887,0000|0000|0001|0012,1,1,1,1,Z2,Z2
KR_4,PG_1,SG_41,148438887,000001012123,1248|2148|4438|8887,0000|0001|0012|0123,1,1,1,1,Z2,Z2
KR_5,PG_2,SG_1,14843888f,000000000000,1248|2148|4438|888f,0000|0000|0000|0000,1,1,1,1,1,1
KR_6,PG_3,SG_1,148478887,000000000000,1248|2148|4478|8887,0000|0000|0000|0000,1,1,1,1,Z2,Z2
KR_7,PG_3,SG_2,148478887,000000000001,1248|2148|4478|8887,0000|0000|0000|0001,1,1,1,1,Z2,Z2
KR_8,PG_4,SG_1,14847888f,000000000000,1248|2148|4478|888f,0000|0000|0000|0000,1,1,1,1,1,1
KR_9,PG_5,SG_1,1484bc8c7,000000000000,1248|2148|44bc|88c7,0000|0000|0000|0000,1,1,2,Z2,1,1
KR_10,PG_6,SG_1,1484bc8cf,000000000000,1248|2148|44bc|88cf,0000|0000|0000|0000,1,1,1,1,1,1
KR_11,PG_7,SG_1,1484fc8cf,000000000000,1248|2148|44fc|88cf,0000|0000|0000|0000,1,1,2,Z2,1,1
KR_12,PG_8,SG_1,184812421,000000000000,1248|2184|4812|8421,0000|0000|0000|0000,1,1,6,S3,Z2xZ2,Z2xZ2
KR_13,PG_8,SG_20,184812421,000000011011,1248|2184|4812|8421,0000|0000|0011|0011,1,1,2,Z2,Z2xZ2,Z2xZ2
KR_14,PG_8,SG_23,184812421,000000022022,1248|2184|4812|8421,0000|0000|0022|0022,1,1,1,1,Z2xZ2,Z2xZ2
KR_15,PG_8,SG_32,184812421,000000123123,1248|2184|4812|8421,0000|0000|0123|0123,1,0,2,Z2,Z2xZ2,Z2xZ2
KR_16,PG_8,SG_51,184812421,000011022033,1248|2184|4812|8421,0000|0011|0022|0033,1,0,2,Z2,Z2xZ2,Z2xZ2
KR_17,PG_8,SG_59,184812421,000011123132,1248|2184|4812|8421,0000|0011|0123|0132,1,1,1,1,Z2xZ2,Z2xZ2
KR_18,PG_8,SG_66,184812421,000101022123,1248|2184|4812|8421,0000|0101|0022|0123,1,1,2,Z2,Z2xZ2,Z2xZ2
KR_19,PG_8,SG_90,184812421,000123231312,1248|2184|4812|8421,0000|0123|0231|0312,1,1,2,Z2,Z2xZ2,Z2xZ2
KR_20,PG_9,SG_1,18485a4a5,000000000000,1248|2184|485a|84a5,0000|0000|0000|0000,1,1,1,1,Z2,Z2
KR_21,PG_9,SG_23,18485a4a5,000000022022,1248|2184|485a|84a5,0000|0000|0022|0022,1,1,1,1,Z2,Z2
KR_22,PG_9,SG_23,18485a4a5,000101000101,1248|2184|485a|84a5,0000|0101|0000|0101,1,1,1,1,Z2,Z2
KR_23,PG_9,SG_66,18485a4a5,000101022123,1248|2184|485a|84a5,0000|0101|0022|0123,1,1,1,1,Z2,Z2
KR_24,PG_10,SG_1,1848de4ed,000000000000,1248|2184|48de|84ed,0000|0000|0000|0000,1,1,2,Z2,1,1
KR_25,PG_11,SG_1,348438887,000000000000,1248|2348|4438|8887,0000|0000|0000|0000,1,1,1,1,Z2,Z2
KR_26,PG_12,SG_1,34843888f,000000000000,1248|2348|4438|888f,0000|0000|0000|0000,1,1,1,1,1,1
KR_27,PG_12,SG_2,34843888f,000000000001,1248|2348|4438|888f,0000|0000|0000|0001,1,1,1,1,1,1
KR_28,PG_13,SG_1,348478887,000000000000,1248|2348|4478|8887,0000|0000|0000|0000,1,1,1,1,Z2,Z2
KR_29,PG_14,SG_1,34847888f,000000000000,1248|2348|4478|888f,0000|0000|0000|0000,1,1,1,1,1,1
KR_30,PG_14,SG_2,34847888f,000000000001,1248|2348|4478|888f,0000|0000|0000|0001,1,1,1,1,1,1
KR_31,PG_14,SG_12,34847888f,000000001012,1248|2348|4478|888f,0000|0000|0001|0012,1,1,1,1,1,1
KR_32,PG_14,SG_41,34847888f,000001012123,1248|2348|4478|888f,0000|0001|0012|0123,1,1,1,1,1,1
KR_33,PG_15,SG_1,3484bc8c7,000000000000,1248|2348|44bc|88c7,0000|0000|0000|0000,1,1,2,Z2,1,1
KR_34,PG_16,SG_1,3484bc8cf,000000000000,1248|2348|44bc|88cf,0000|0000|0000|0000,1,1,1,1,1,1
KR_35,PG_17,SG_1,3484fc8cf,000000000000,1248|2348|44fc|88cf,0000|0000|0000|0000,1,1,2,Z2,1,1
KR_36,PG_18,SG_1,38c85acaf,000000000000,1248|238c|485a|8caf,0000|0000|0000|0000,1,1,2,Z2,1,1
KR_37,PG_18,SG_20,38c85acaf,000000011011,1248|238c|485a|8caf,0000|0000|0011|0011,1,1,1,1,1,1
KR_38,PG_18,SG_23,38c85acaf,000000022022,1248|238c|485a|8caf,0000|0000|0022|0022,1,1,1,1,1,1
KR_39,PG_18,SG_66,38c85acaf,000101022123,1248|238c|485a|8caf,0000|0101|0022|0123,1,1,2,Z2,1,1
KR_40,PG_19,SG_1,38c89ecef,000000000000,1248|238c|489e|8cef,0000|0000|0000|0000,1,1,1,1,1,1
KR_41,PG_19,SG_20,38c89ecef,000000011011,1248|238c|489e|8cef,0000|0000|0011|0011,1,1,1,1,1,1
KR_42,PG_20,SG_1,38c8decef,000000000000,1248|238c|48de|8cef,0000|0000|0000|0000,1,1,1,1,1,1
KR_43,PG_20,SG_20,38c8decef,000000011011,1248|238c|48de|8cef,0000|0000|0011|0011,1,1,1,1,1,1
KR_44,PG_21,SG_1,3ccc32c23,000000000000,1248|23cc|4c32|8c23,0000|0000|0000|0000,1,1,2,Z2,Z2,Z2
KR_45,PG_22,SG_1,3ccc7aca7,000000000000,1248|23cc|4c7a|8ca7,0000|0000|0000|0000,1,1,1,1,1,1
KR_46,PG_22,SG_20,3ccc7aca7,000000011011,1248|23cc|4c7a|8ca7,0000|0000|0011|0011,1,1,1,1,1,1
KR_47,PG_23,SG_1,3ccc7acaf,000000000000,1248|23cc|4c7a|8caf,0000|0000|0000|0000,1,1,1,1,1,1
KR_48,PG_23,SG_20,3ccc7acaf,000000011011,1248|23cc|4c7a|8caf,0000|0000|0011|0011,1,1,1,1,1,1
KR_49,PG_24,SG_1,3cccbece7,000000000000,1248|23cc|4cbe|8ce7,0000|0000|0000|0000,1,1,2,Z2,1,1
KR_50,PG_24,SG_20,3cccbece7,000000011011,1248|23cc|4cbe|8ce7,0000|0000|0011|0011,1,1,2,Z2,1,1
KR_51,PG_24,SG_59,3cccbece7,000011123132,1248|23cc|4cbe|8ce7,0000|0011|0123|0132,1,1,1,1,1,1
KR_52,PG_25,SG_1,3cccbecef,000000000000,1248|23cc|4cbe|8cef,0000|0000|0000|0000,1,1,1,1,1,1
KR_53,PG_25,SG_20,3cccbecef,000000011011,1248|23cc|4cbe|8cef,0000|0000|0011|0011,1,1,1,1,1,1
KR_54,PG_26,SG_1,3cccfecef,000000000000,1248|23cc|4cfe|8cef,0000|0000|0000|0000,1,1,2,Z2,1,1
KR_55,PG_26,SG_20,3cccfecef,000000011011,1248|23cc|4cfe|8cef,0000|0000|0011|0011,1,1,2,Z2,1,1
KR_56,PG_26,SG_59,3cccfecef,000011123132,1248|23cc|4cfe|8cef,0000|0011|0123|0132,1,1,1,1,1,1
KR_57,PG_27,SG_1,568638887,000000000000,1248|2568|4638|8887,0000|0000|0000|0000,1,1,2,Z2,Z2,Z2
KR_58,PG_28,SG_1,56863888f,000000000000,1248|2568|4638|888f,0000|0000|0000|0000,1,1,2,Z2,1,1
KR_59,PG_29,SG_1,568678887,000000000000,1248|2568|4678|8887,0000|0000|0000|0000,1,1,1,1,Z2,Z2
KR_60,PG_30,SG_1,56867888f,000000000000,1248|2568|4678|888f,0000|0000|0000|0000,1,1,1,1,1,1
KR_61,PG_31,SG_1,5aca96c63,000000000000,1248|25ac|4a96|8c63,0000|0000|0000|0000,1,1,3,Z3,1,1
KR_62,PG_31,SG_90,5aca96c63,000123231312,1248|25ac|4a96|8c63,0000|0123|0231|0312,1,1,1,1,1,1
KR_63,PG_32,SG_1,5aca96c6b,000000000000,1248|25ac|4a96|8c6b,0000|0000|0000|0000,1,1,1,1,1,1
KR_64,PG_33,SG_1,5aca9ece7,000000000000,1248|25ac|4a9e|8ce7,0000|0000|0000|0000,1,1,1,1,1,1
KR_65,PG_34,SG_1,5aca9ecef,000000000000,1248|25ac|4a9e|8cef,0000|0000|0000|0000,1,1,1,1,1,1
KR_66,PG_35,SG_1,5acad6c6b,000000000000,1248|25ac|4ad6|8c6b,0000|0000|0000|0000,1,1,1,1,1,1
KR_67,PG_36,SG_1,5acadece7,000000000000,1248|25ac|4ade|8ce7,0000|0000|0000|0000,1,1,1,1,1,1
KR_68,PG_37,SG_1,5acadecef,000000000000,1248|25ac|4ade|8cef,0000|0000|0000|0000,1,1,1,1,1,1
KR_69,PG_38,SG_1,5e4efe4e5,000000000000,1248|25e4|4efe|84e5,0000|0000|0000|0000,1,1,2,Z2,1,1
KR_70,PG_39,SG_1,5e4efe4ed,000000000000,1248|25e4|4efe|84ed,0000|0000|0000|0000,1,1,1,1,1,1
KR_71,PG_40,SG_1,5eceb6c6b,000000000000,1248|25ec|4eb6|8c6b,0000|0000|0000|0000,1,1,1,1,1,1
KR_72,PG_41,SG_1,5ecebece7,000000000000,1248|25ec|4ebe|8ce7,0000|0000|0000|0000,1,1,1,1,1,1
KR_73,PG_42,SG_1,5ecebecef,000000000000,1248|25ec|4ebe|8cef,0000|0000|0000|0000,1,1,1,1,1,1
KR_74,PG_43,SG_1,5ecef6c6b,000000000000,1248|25ec|4ef6|8c6b,0000|0000|0000|0000,1,1,1,1,1,1
KR_75,PG_44,SG_1,5ecefece7,000000000000,1248|25ec|4efe|8ce7,0000|0000|0000|0000,1,1,1,1,1,1
KR_76,PG_45,SG_1,5ecefecef,000000000000,1248|25ec|4efe|8cef,0000|0000|0000|0000,1,1,1,1,1,1
KR_77,PG_46,SG_1,768678887,000000000000,1248|2768|4678|8887,0000|0000|0000|0000,1,1,2,Z2,Z2,Z2
KR_78,PG_47,SG_1,76867888f,000000000000,1248|2768|4678|888f,0000|0000|0000|0000,1,1,2,Z2,1,1
KR_79,PG_48,SG_1,7acad6c6b,000000000000,1248|27ac|4ad6|8c6b,0000|0000|0000|0000,1,1,3,Z3,1,1
KR_80,PG_48,SG_90,7acad6c6b,000123231312,1248|27ac|4ad6|8c6b,0000|0123|0231|0312,1,1,1,1,1,1
KR_81,PG_49,SG_1,7acadece7,000000000000,1248|27ac|4ade|8ce7,0000|0000|0000|0000,1,1,1,1,1,1
KR_82,PG_50,SG_1,7acadecef,000000000000,1248|27ac|4ade|8cef,0000|0000|0000|0000,1,1,1,1,1,1
KR_83,PG_51,SG_1,7e4efe4ed,000000000000,1248|27e4|4efe|84ed,0000|0000|0000|0000,1,1,2,Z2,1,1
KR_84,PG_52,SG_1,7ece7aca7,000000000000,1248|27ec|4e7a|8ca7,0000|0000|0000|0000,1,1,2,Z2,1,1
KR_85,PG_53,SG_1,7ece7acaf,000000000000,1248|27ec|4e7a|8caf,0000|0000|0000|0000,1,1,2,Z2,1,1
KR_86,PG_54,SG_1,7ecebece7,000000000000,1248|27ec|4ebe|8ce7,0000|0000|0000|0000,1,1,1,1,1,1
KR_87,PG_55,SG_1,7ecebecef,000000000000,1248|27ec|4ebe|8cef,0000|0000|0000|0000,1,1,1,1,1,1
KR_88,PG_56,SG_1,7ecefece7,000000000000,1248|27ec|4efe|8ce7,0000|0000|0000|0000,1,1,1,1,1,1
KR_89,PG_57,SG_1,7ecefecef,000000000000,1248|27ec|4efe|8cef,0000|0000|0000|0000,1,1,1,1,1,1
KR_90,PG_58,SG_1,d6a6bcac7,000000000000,1248|2d6a|46bc|8ac7,0000|0000|0000|0000,1,1,6,S3,1,1
KR_91,PG_58,SG_90,d6a6bcac7,000123231312,1248|2d6a|46bc|8ac7,0000|0123|0231|0312,1,1,2,Z2,1,1
KR_92,PG_59,SG_1,d6a6bcacf,000000000000,1248|2d6a|46bc|8acf,0000|0000|0000|0000,1,1,2,Z2,1,1
KR_93,PG_60,SG_1,d6a6fcacf,000000000000,1248|2d6a|46fc|8acf,0000|0000|0000|0000,1,1,2,Z2,1,1
KR_94,PG_61,SG_1,deeebeee7,000000000000,1248|2dee|4ebe|8ee7,0000|0000|0000|0000,1,1,6,S3,1,1
KR_95,PG_61,SG_90,deeebeee7,000123231312,1248|2dee|4ebe|8ee7,0000|0123|0231|0312,1,1,2,Z2,1,1
KR_96,PG_62,SG_1,deeebeeef,000000000000,1248|2dee|4ebe|8eef,0000|0000|0000|0000,1,1,2,Z2,1,1
KR_97,PG_63,SG_1,deeefeeef,000000000000,1248|2dee|4efe|8eef,0000|0000|0000|0000,1,1,2,Z2,1,1
KR_98,PG_64,SG_1,f6a6fcacf,000000000000,1248|2f6a|46fc|8acf,0000|0000|0000|0000,1,1,6,S3,1,1
KR_99,PG_64,SG_90,f6a6fcacf,000123231312,1248|2f6a|46fc|8acf,0000|0123|0231|0312,1,1,2,Z2,1,1
KR_100,PG_65,SG_1,feeefeeef,000000000000,1248|2fee|4efe|8eef,0000|0000|0000|0000,1,1,6,S3,1,1
KR_101,PG_65,SG_90,feeefeeef,000123231312,1248|2fee|4efe|8eef,0000|0123|0231|0312,1,1,2,Z2,1,1
KR_102,PG_66,SG_1,24b4b4b48,000000000000,1248|224b|44b4|8b48,0000|0000|0000|0000,1,1,2,Z2,Z2,Z2
KR_103,PG_67,SG_1,24b4f4b48,000000000000,1248|224b|44f4|8b48,0000|0000|0000|0000,1,1,2,Z2,1,1
KR_104,PG_69,SG_1,14844f8f8,000000000000,1248|2148|444f|88f8,0000|0000|0000|0000,1,1,2,Z2,1,1
KR_105,PG_70,SG_1,22f258f88,000000000000,1248|222f|4258|8f88,0000|0000|0000|0000,1,1,2,Z2,1,1
KR_106,PG_71,SG_1,26f6bcfc8,000000000000,1248|226f|46bc|8fc8,0000|0000|0000|0000,1,1,2,Z2,1,1
KR_107,PG_72,SG_1,26f6fcfc8,000000000000,1248|226f|46fc|8fc8,0000|0000|0000|0000,1,1,2,Z2,1,1
KR_108,PG_73,SG_1,418128887,000000000000,1248|2418|4128|8887,0000|0000|0000|0000,1,1,2,Z2,Z2,Z2
KR_109,PG_74,SG_1,41812888f,000000000000,1248|2418|4128|888f,0000|0000|0000|0000,1,1,2,Z2,1,1
KR_110,PG_75,SG_1,148483834,000000000000,1248|2148|4483|8834,0000|0000|0000|0000,1,1,2,Z2,Z3,Z3
KR_111,PG_76,SG_1,348483834,000000000000,1248|2348|4483|8834,0000|0000|0000|0000,1,1,2,Z2,Z3,Z3
KR_112,PG_77,SG_1,678768887,000000000000,1248|2678|4768|8887,0000|0000|0000|0000,1,1,2,Z2,Z2,Z2
KR_113,PG_78,SG_1,67876888f,000000000000,1248|2678|4768|888f,0000|0000|0000|0000,1,1,2,Z2,1,1
KR_114,PG_79,SG_1,1484cf8fc,000000000000,1248|2148|44cf|88fc,0000|0000|0000|0000,1,1,2,Z2,1,1
KR_115,PG_80,SG_1,3484cf8fc,000000000000,1248|2348|44cf|88fc,0000|0000|0000|0000,1,1,2,Z2,1,1
KR_116,PG_81,SG_1,6faf6cac7,000000000000,1248|26fa|4f6c|8ac7,0000|0000|0000|0000,1,1,2,Z2,1,1
KR_117,PG_82,SG_1,6faf6cacf,000000000000,1248|26fa|4f6c|8acf,0000|0000|0000|0000,1,1,2,Z2,1,1
KR_118,PG_83,SG_1,184821412,000000000000,1248|2184|4821|8412,0000|0000|0000|0000,1,1,2,Z2,Z4,Z4
KR_119,PG_83,SG_59,184821412,000011123132,1248|2184|4821|8412,0000|0011|0123|0132,1,1,1,1,Z4,Z4
KR_120,PG_83,SG_20,184821412,000000011011,1248|2184|4821|8412,0000|0000|0011|0011,1,1,2,Z2,Z4,Z4
KR_121,PG_84,SG_1,3ccc23c32,000000000000,1248|23cc|4c23|8c32,0000|0000|0000|0000,1,1,2,Z2,Z2,Z2
KR_122,PG_85,SG_1,4e5efe5e4,000000000000,1248|24e5|4efe|85e4,0000|0000|0000|0000,1,1,2,Z2,1,1
KR_123,PG_86,SG_1,6cbcb6b6c,000000000000,1248|26cb|4cb6|8b6c,0000|0000|0000|0000,1,1,2,Z2,1,1
KR_124,PG_87,SG_1,6cbcf6b6c,000000000000,1248|26cb|4cf6|8b6c,0000|0000|0000|0000,1,1,2,Z2,1,1
KR_125,PG_90,SG_1,3ccc6fcfa,000000000000,1248|23cc|4c6f|8cfa,0000|0000|0000|0000,1,1,2,Z2,1,1
KR_126,PG_90,SG_59,3ccc6fcfa,000011123132,1248|23cc|4c6f|8cfa,0000|0011|0123|0132,1,1,1,1,1,1
KR_127,PG_90,SG_20,3ccc6fcfa,000000011011,1248|23cc|4c6f|8cfa,0000|0000|0011|0011,1,1,2,Z2,1,1
KR_128,PG_91,SG_1,6efebefec,000000000000,1248|26ef|4ebe|8fec,0000|0000|0000|0000,1,1,2,Z2,1,1
KR_129,PG_92,SG_1,6efefefec,000000000000,1248|26ef|4efe|8fec,0000|0000|0000|0000,1,1,2,Z2,1,1
KR_130,PG_93,SG_1,c9e9aeee7,000000000000,1248|2c9e|49ae|8ee7,0000|0000|0000|0000,1,1,2,Z2,1,1
KR_131,PG_94,SG_1,c9e9aeeef,000000000000,1248|2c9e|49ae|8eef,0000|0000|0000|0000,1,1,2,Z2,1,1
KR_132,PG_95,SG_1,1848ed4de,000000000000,1248|2184|48ed|84de,0000|0000|0000|0000,1,1,2,Z2,1,1
KR_133,PG_96,SG_1,da6aed6de,000000000000,1248|2da6|4aed|86de,0000|0000|0000|0000,1,1,2,Z2,1,1
KR_134,PG_97,SG_1,e7c7eacaf,000000000000,1248|2e7c|47ea|8caf,0000|0000|0000|0000,1,1,2,Z2,1,1
KR_135,PG_100,SG_1,3cccefcfe,000000000000,1248|23cc|4cef|8cfe,0000|0000|0000|0000,1,1,2,Z2,1,1
KR_136,PG_100,SG_59,3cccefcfe,000011123132,1248|23cc|4cef|8cfe,0000|0011|0123|0132,1,1,1,1,1,1
KR_137,PG_100,SG_20,3cccefcfe,000000011011,1248|23cc|4cef|8cfe,0000|0000|0011|0011,1,1,2,Z2,1,1
KR_138,PG_101,SG_1,deeeefefe,000000000000,1248|2dee|4eef|8efe,0000|0000|0000|0000,1,1,2,Z2,1,1
KR_139,PG_102,SG_1,eefefefee,000000000000,1248|2eef|4efe|8fee,0000|0000|0000|0000,1,1,2,Z2,1,1
