id,code,table,commutative,aut_order,aut_structure,fundamental_group,fertility_hnr,fertility_hr,compatible_semigroups
PG_1,728218887,1248|2728|4218|8887,1,1,1,Z2,10,2,SG_1 SG_2 SG_4 SG_8 SG_9 SG_16 SG_32 SG_36 SG_112 SG_151
PG_2,72821888f,1248|2728|4218|888f,1,1,1,1,5,1,SG_1 SG_8 SG_32 SG_112 SG_151
PG_3,728258887,1248|2728|4258|8887,1,1,1,Z2,5,1,SG_1 SG_8 SG_32 SG_112 SG_151
PG_4,72825888f,1248|2728|4258|888f,1,1,1,1,12,4,SG_1 SG_2 SG_4 SG_8 SG_9 SG_12 SG_16 SG_32 SG_36 SG_41 SG_112 SG_151
PG_5,528218887,1248|2528|4218|8887,1,1,1,Z2,12,4,SG_1 SG_2 SG_4 SG_8 SG_9 SG_12 SG_16 SG_32 SG_36 SG_41 SG_112 SG_151
PG_6,52821888f,1248|2528|4218|888f,1,1,1,1,5,1,SG_1 SG_8 SG_32 SG_112 SG_151
PG_7,528258887,1248|2528|4258|8887,1,1,1,Z2,5,1,SG_1 SG_8 SG_32 SG_112 SG_151
PG_8,52825888f,1248|2528|4258|888f,1,1,1,1,10,2,SG_1 SG_2 SG_4 SG_8 SG_9 SG_16 SG_32 SG_36 SG_112 SG_151
PG_9,1484bc8c7,1248|2148|44bc|88c7,1,2,Z2,1,6,1,SG_1 SG_8 SG_32 SG_33 SG_112 SG_151
PG_10,1484bc8cf,1248|2148|44bc|88cf,1,1,1,1,5,1,SG_1 SG_8 SG_32 SG_112 SG_151
PG_11,1484fc8cf,1248|2148|44fc|88cf,1,2,Z2,1,6,1,SG_1 SG_8 SG_32 SG_33 SG_112 SG_151
PG_12,3484bc8c7,1248|2348|44bc|88c7,1,2,Z2,1,6,1,SG_1 SG_8 SG_32 SG_33 SG_112 SG_151
PG_13,3484bc8cf,1248|2348|44bc|88cf,1,1,1,1,5,1,SG_1 SG_8 SG_32 SG_112 SG_151
PG_14,3484fc8cf,1248|2348|44fc|88cf,1,2,Z2,1,6,1,SG_1 SG_8 SG_32 SG_33 SG_112 SG_151
PG_15,184812421,1248|2184|4812|8421,1,6,S3,Z2xZ2,23,8,SG_1 SG_5 SG_8 SG_20 SG_23 SG_25 SG_26 SG_32 SG_33 SG_49 SG_51 SG_52 SG_58 SG_59 SG_89 SG_112 SG_113 SG_114 SG_116 SG_119 SG_120 SG_121 SG_151
PG_16,18485a4a5,1248|2184|485a|84a5,1,1,1,Z2,12,3,SG_1 SG_8 SG_23 SG_26 SG_32 SG_89 SG_112 SG_114 SG_116 SG_119 SG_120 SG_151
PG_17,1848de4ed,1248|2184|48de|84ed,1,2,Z2,1,6,1,SG_1 SG_8 SG_32 SG_33 SG_112 SG_151
PG_18,568638887,1248|2568|4638|8887,1,2,Z2,Z2,6,1,SG_1 SG_8 SG_32 SG_33 SG_112 SG_151
PG_19,56863888f,1248|2568|4638|888f,1,2,Z2,1,6,1,SG_1 SG_8 SG_32 SG_33 SG_112 SG_151
PG_20,568678887,1248|2568|4678|8887,1,1,1,Z2,5,1,SG_1 SG_8 SG_32 SG_112 SG_151
PG_21,56867888f,1248|2568|4678|888f,1,1,1,1,5,1,SG_1 SG_8 SG_32 SG_112 SG_151
PG_22,768678887,1248|2768|4678|8887,1,2,Z2,Z2,6,1,SG_1 SG_8 SG_32 SG_33 SG_112 SG_151
PG_23,76867888f,1248|2768|4678|888f,1,2,Z2,1,6,1,SG_1 SG_8 SG_32 SG_33 SG_112 SG_151
PG_24,38c85acaf,1248|238c|485a|8caf,1,2,Z2,1,18,4,SG_1 SG_5 SG_8 SG_20 SG_23 SG_26 SG_32 SG_33 SG_49 SG_52 SG_58 SG_89 SG_112 SG_114 SG_116 SG_119 SG_120 SG_151
PG_25,38c89ecef,1248|238c|489e|8cef,1,1,1,1,8,2,SG_1 SG_5 SG_8 SG_20 SG_32 SG_58 SG_112 SG_151
PG_26,38c8decef,1248|238c|48de|8cef,1,1,1,1,8,2,SG_1 SG_5 SG_8 SG_20 SG_32 SG_58 SG_112 SG_151
PG_27,5a4a5a4a5,1248|25a4|4a5a|84a5,1,2,Z2,Z2,6,1,SG_1 SG_8 SG_32 SG_33 SG_112 SG_151
PG_28,5aca96c63,1248|25ac|4a96|8c63,1,3,Z3,1,6,2,SG_1 SG_8 SG_32 SG_112 SG_113 SG_151
PG_29,5aca96c6b,1248|25ac|4a96|8c6b,1,1,1,1,5,1,SG_1 SG_8 SG_32 SG_112 SG_151
PG_30,5aca9ece7,1248|25ac|4a9e|8ce7,1,1,1,1,5,1,SG_1 SG_8 SG_32 SG_112 SG_151
PG_31,5aca9ecef,1248|25ac|4a9e|8cef,1,1,1,1,5,1,SG_1 SG_8 SG_32 SG_112 SG_151
PG_32,5acad6c6b,1248|25ac|4ad6|8c6b,1,1,1,1,5,1,SG_1 SG_8 SG_32 SG_112 SG_151
PG_33,5acadece7,1248|25ac|4ade|8ce7,1,1,1,1,5,1,SG_1 SG_8 SG_32 SG_112 SG_151
PG_34,5acadecef,1248|25ac|4ade|8cef,1,1,1,1,5,1,SG_1 SG_8 SG_32 SG_112 SG_151
PG_35,7aca5aca7,1248|27ac|4a5a|8ca7,1,1,1,1,8,2,SG_1 SG_5 SG_8 SG_20 SG_32 SG_58 SG_112 SG_151
PG_36,7aca5acaf,1248|27ac|4a5a|8caf,1,1,1,1,8,2,SG_1 SG_5 SG_8 SG_20 SG_32 SG_58 SG_112 SG_151
PG_37,7aca9ece7,1248|27ac|4a9e|8ce7,1,1,1,1,5,1,SG_1 SG_8 SG_32 SG_112 SG_151
PG_38,7aca9ecef,1248|27ac|4a9e|8cef,1,1,1,1,5,1,SG_1 SG_8 SG_32 SG_112 SG_151
PG_39,7acad6c6b,1248|27ac|4ad6|8c6b,1,3,Z3,1,6,2,SG_1 SG_8 SG_32 SG_112 SG_113 SG_151
PG_40,7acadece7,1248|27ac|4ade|8ce7,1,1,1,1,5,1,SG_1 SG_8 SG_32 SG_112 SG_151
PG_41,7acadecef,1248|27ac|4ade|8cef,1,1,1,1,5,1,SG_1 SG_8 SG_32 SG_112 SG_151
PG_42,3cccbece7,1248|23cc|4cbe|8ce7,1,2,Z2,1,10,3,SG_1 SG_5 SG_8 SG_20 SG_32 SG_33 SG_58 SG_59 SG_112 SG_151
PG_43,3cccbecef,1248|23cc|4cbe|8cef,1,1,1,1,8,2,SG_1 SG_5 SG_8 SG_20 SG_32 SG_58 SG_112 SG_151
PG_44,5e4efe4e5,1248|25e4|4efe|84e5,1,2,Z2,1,6,1,SG_1 SG_8 SG_32 SG_33 SG_112 SG_151
PG_45,5e4efe4ed,1248|25e4|4efe|84ed,1,1,1,1,5,1,SG_1 SG_8 SG_32 SG_112 SG_151
PG_46,3cccfecef,1248|23cc|4cfe|8cef,1,2,Z2,1,10,3,SG_1 SG_5 SG_8 SG_20 SG_32 SG_33 SG_58 SG_59 SG_112 SG_151
PG_47,7e4efe4ed,1248|27e4|4efe|84ed,1,2,Z2,1,6,1,SG_1 SG_8 SG_32 SG_33 SG_112 SG_151
PG_48,5ecebece7,1248|25ec|4ebe|8ce7,1,1,1,1,5,1,SG_1 SG_8 SG_32 SG_112 SG_151
PG_49,5ecebecef,1248|25ec|4ebe|8cef,1,1,1,1,5,1,SG_1 SG_8 SG_32 SG_112 SG_151
PG_50,5ecefece7,1248|25ec|4efe|8ce7,1,1,1,1,5,1,SG_1 SG_8 SG_32 SG_112 SG_151
PG_51,5ecefecef,1248|25ec|4efe|8cef,1,1,1,1,5,1,SG_1 SG_8 SG_32 SG_112 SG_151
PG_52,7ece7aca7,1248|27ec|4e7a|8ca7,1,2,Z2,1,6,1,SG_1 SG_8 SG_32 SG_33 SG_112 SG_151
PG_53,7ece7acaf,1248|27ec|4e7a|8caf,1,2,Z2,1,6,1,SG_1 SG_8 SG_32 SG_33 SG_112 SG_151
PG_54,7ecebece7,1248|27ec|4ebe|8ce7,1,1,1,1,5,1,SG_1 SG_8 SG_32 SG_112 SG_151
PG_55,7ecebecef,1248|27ec|4ebe|8cef,1,1,1,1,5,1,SG_1 SG_8 SG_32 SG_112 SG_151
PG_56,7ecefece7,1248|27ec|4efe|8ce7,1,1,1,1,5,1,SG_1 SG_8 SG_32 SG_112 SG_151
PG_57,7ecefecef,1248|27ec|4efe|8cef,1,1,1,1,5,1,SG_1 SG_8 SG_32 SG_112 SG_151
PG_58,d6a6bcac7,1248|2d6a|46bc|8ac7,1,6,S3,1,7,2,SG_1 SG_8 SG_32 SG_33 SG_112 SG_113 SG_151
PG_59,d6a6bcacf,1248|2d6a|46bc|8acf,1,2,Z2,1,6,1,SG_1 SG_8 SG_32 SG_33 SG_112 SG_151
PG_60,d6a6fcacf,1248|2d6a|46fc|8acf,1,2,Z2,1,6,1,SG_1 SG_8 SG_32 SG_33 SG_112 SG_151
PG_61,f6a6fcacf,1248|2f6a|46fc|8acf,1,6,S3,1,7,2,SG_1 SG_8 SG_32 SG_33 SG_112 SG_113 SG_151
PG_62,deeebeee7,1248|2dee|4ebe|8ee7,1,6,S3,1,7,2,SG_1 SG_8 SG_32 SG_33 SG_112 SG_113 SG_151
PG_63,deeebeeef,1248|2dee|4ebe|8eef,1,2,Z2,1,6,1,SG_1 SG_8 SG_32 SG_33 SG_112 SG_151
PG_64,deeefeeef,1248|2dee|4efe|8eef,1,2,Z2,1,6,1,SG_1 SG_8 SG_32 SG_33 SG_112 SG_151
PG_65,feeefeeef,1248|2fee|4efe|8eef,1,6,S3,1,7,2,SG_1 SG_8 SG_32 SG_33 SG_112 SG_113 SG_151
PG_66,14844f8f8,1248|2148|444f|88f8,1,2,Z2,1,6,1,SG_1 SG_8 SG_32 SG_33 SG_112 SG_151
PG_67,148483834,1248|2148|4483|8834,1,2,Z2,Z3,6,1,SG_1 SG_8 SG_32 SG_33 SG_112 SG_151
PG_68,1484cf8fc,1248|2148|44cf|88fc,1,2,Z2,1,6,1,SG_1 SG_8 SG_32 SG_33 SG_112 SG_151
PG_69,34844f8f8,1248|2348|444f|88f8,1,2,Z2,1,6,1,SG_1 SG_8 SG_32 SG_33 SG_112 SG_151
PG_70,348483834,1248|2348|4483|8834,1,2,Z2,Z3,6,1,SG_1 SG_8 SG_32 SG_33 SG_112 SG_151
PG_71,3484cf8fc,1248|2348|44cf|88fc,1,2,Z2,1,6,1,SG_1 SG_8 SG_32 SG_33 SG_112 SG_151
PG_72,184821412,1248|2184|4821|8412,1,2,Z2,Z4,10,3,SG_1 SG_5 SG_8 SG_20 SG_32 SG_33 SG_58 SG_59 SG_112 SG_151
PG_73,1848ed4de,1248|2184|48ed|84de,1,2,Z2,1,6,1,SG_1 SG_8 SG_32 SG_33 SG_112 SG_151
PG_74,3ccc23c32,1248|23cc|4c23|8c32,1,2,Z2,Z2,6,1,SG_1 SG_8 SG_32 SG_33 SG_112 SG_151
PG_75,3ccc6fcfa,1248|23cc|4c6f|8cfa,1,2,Z2,1,10,3,SG_1 SG_5 SG_8 SG_20 SG_32 SG_33 SG_58 SG_59 SG_112 SG_151
PG_76,3cccefcfe,1248|23cc|4cef|8cfe,1,2,Z2,1,10,3,SG_1 SG_5 SG_8 SG_20 SG_32 SG_33 SG_58 SG_59 SG_112 SG_151
PG_77,d2224d2d8,1248|2d22|424d|82d8,1,2,Z2,Z2,6,1,SG_1 SG_8 SG_32 SG_33 SG_112 SG_151
PG_78,d22281214,1248|2d22|4281|8214,1,2,Z2,Z2,6,1,SG_1 SG_8 SG_32 SG_33 SG_112 SG_151
PG_79,d222cd2dc,1248|2d22|42cd|82dc,1,2,Z2,Z2,6,1,SG_1 SG_8 SG_32 SG_33 SG_112 SG_151
PG_80,f2224d2d8,1248|2f22|424d|82d8,1,2,Z2,1,6,1,SG_1 SG_8 SG_32 SG_33 SG_112 SG_151
PG_81,f22281214,1248|2f22|4281|8214,1,2,Z2,1,6,1,SG_1 SG_8 SG_32 SG_33 SG_112 SG_151
PG_82,f222cd2dc,1248|2f22|42cd|82dc,1,2,Z2,1,6,1,SG_1 SG_8 SG_32 SG_33 SG_112 SG_151
PG_83,f6a64faf8,1248|2f6a|464f|8af8,1,2,Z2,1,6,1,SG_1 SG_8 SG_32 SG_33 SG_112 SG_151
PG_84,f6a6cfafc,1248|2f6a|46cf|8afc,1,2,Z2,1,6,1,SG_1 SG_8 SG_32 SG_33 SG_112 SG_151
PG_85,d6a64faf8,1248|2d6a|464f|8af8,1,2,Z2,1,6,1,SG_1 SG_8 SG_32 SG_33 SG_112 SG_151
PG_86,d6a6cfafc,1248|2d6a|46cf|8afc,1,2,Z2,1,6,1,SG_1 SG_8 SG_32 SG_33 SG_112 SG_151
PG_87,fa6a6d6da,1248|2fa6|4a6d|86da,1,2,Z2,1,6,1,SG_1 SG_8 SG_32 SG_33 SG_112 SG_151
PG_88,fa6aed6de,1248|2fa6|4aed|86de,1,2,Z2,1,6,1,SG_1 SG_8 SG_32 SG_33 SG_112 SG_151
PG_89,da6a6d6da,1248|2da6|4a6d|86da,1,2,Z2,1,6,1,SG_1 SG_8 SG_32 SG_33 SG_112 SG_151
PG_90,da6aed6de,1248|2da6|4aed|86de,1,2,Z2,1,6,1,SG_1 SG_8 SG_32 SG_33 SG_112 SG_151
PG_91,deee6fefa,1248|2dee|4e6f|8efa,1,2,Z2,1,6,1,SG_1 SG_8 SG_32 SG_33 SG_112 SG_151
PG_92,deeea3e36,1248|2dee|4ea3|8e36,1,2,Z2,1,6,1,SG_1 SG_8 SG_32 SG_33 SG_112 SG_151
PG_93,feee23e32,1248|2fee|4e23|8e32,1,2,Z2,1,6,1,SG_1 SG_8 SG_32 SG_33 SG_112 SG_151
PG_94,deeeefefe,1248|2dee|4eef|8efe,1,2,Z2,1,6,1,SG_1 SG_8 SG_32 SG_33 SG_112 SG_151
PG_95,feee6fefa,1248|2fee|4e6f|8efa,1,2,Z2,1,6,1,SG_1 SG_8 SG_32 SG_33 SG_112 SG_151
PG_96,feeea3e36,1248|2fee|4ea3|8e36,1,2,Z2,1,6,1,SG_1 SG_8 SG_32 SG_33 SG_112 SG_151
PG_97,feeeefefe,1248|2fee|4eef|8efe,1,2,Z2,1,6,1,SG_1 SG_8 SG_32 SG_33 SG_112 SG_151
PG_98,f2a64d2f8,1248|2f2a|464d|82f8,0,1,1,1,5,1,SG_1 SG_8 SG_32 SG_112 SG_151
PG_99,daee6d6fa,1248|2dae|4e6d|86fa,0,1,1,1,5,1,SG_1 SG_8 SG_32 SG_112 SG_151
PG_100,faee6d6fa,1248|2fae|4e6d|86fa,0,1,1,1,5,1,SG_1 SG_8 SG_32 SG_112 SG_151
PG_101,daeeed6fe,1248|2dae|4eed|86fe,0,1,1,1,5,1,SG_1 SG_8 SG_32 SG_112 SG_151
PG_102,faeeed6fe,1248|2fae|4eed|86fe,0,1,1,1,5,1,SG_1 SG_8 SG_32 SG_112 SG_151
