id,code,table,inverse_map,commutative,aut_order,aut_structure,fundamental_group,fertility_hnr,fertility_hr
PG_1,148438887,1248|2148|4438|8887,0123,1,1,1,Z2,12,4
PG_2,14843888f,1248|2148|4438|888f,0123,1,1,1,1,5,1
PG_3,148478887,1248|2148|4478|8887,0123,1,1,1,Z2,10,2
PG_4,14847888f,1248|2148|4478|888f,0123,1,1,1,1,5,1
PG_5,1484bc8c7,1248|2148|44bc|88c7,0123,1,2,Z2,1,6,1
PG_6,1484bc8cf,1248|2148|44bc|88cf,0123,1,1,1,1,5,1
PG_7,1484fc8cf,1248|2148|44fc|88cf,0123,1,2,Z2,1,6,1
PG_8,184812421,1248|2184|4812|8421,0123,1,6,S3,Z2xZ2,23,8
PG_9,18485a4a5,1248|2184|485a|84a5,0123,1,1,1,Z2,12,3
PG_10,1848de4ed,1248|2184|48de|84ed,0123,1,2,Z2,1,6,1
PG_11,348438887,1248|2348|4438|8887,0123,1,1,1,Z2,5,1
PG_12,34843888f,1248|2348|4438|888f,0123,1,1,1,1,10,2
PG_13,348478887,1248|2348|4478|8887,0123,1,1,1,Z2,5,1
PG_14,34847888f,1248|2348|4478|888f,0123,1,1,1,1,12,4
PG_15,3484bc8c7,1248|2348|44bc|88c7,0123,1,2,Z2,1,6,1
PG_16,3484bc8cf,1248|2348|44bc|88cf,0123,1,1,1,1,5,1
PG_17,3484fc8cf,1248|2348|44fc|88cf,0123,1,2,Z2,1,6,1
PG_18,38c85acaf,1248|238c|485a|8caf,0123,1,2,Z2,1,18,4
PG_19,38c89ecef,1248|238c|489e|8cef,0123,1,1,1,1,8,2
PG_20,38c8decef,1248|238c|48de|8cef,0123,1,1,1,1,8,2
PG_21,3ccc32c23,1248|23cc|4c32|8c23,0123,1,2,Z2,Z2,6,1
PG_22,3ccc7aca7,1248|23cc|4c7a|8ca7,0123,1,1,1,1,8,2
PG_23,3ccc7acaf,1248|23cc|4c7a|8caf,0123,1,1,1,1,8,2
PG_24,3cccbece7,1248|23cc|4cbe|8ce7,0123,1,2,Z2,1,10,3
PG_25,3cccbecef,1248|23cc|4cbe|8cef,0123,1,1,1,1,8,2
PG_26,3cccfecef,1248|23cc|4cfe|8cef,0123,1,2,Z2,1,10,3
PG_27,568638887,1248|2568|4638|8887,0123,1,2,Z2,Z2,6,1
PG_28,56863888f,1248|2568|4638|888f,0123,1,2,Z2,1,6,1
PG_29,568678887,1248|2568|4678|8887,0123,1,1,1,Z2,5,1
PG_30,56867888f,1248|2568|4678|888f,0123,1,1,1,1,5,1
PG_31,5aca96c63,1248|25ac|4a96|8c63,0123,1,3,Z3,1,6,2
PG_32,5aca96c6b,1248|25ac|4a96|8c6b,0123,1,1,1,1,5,1
PG_33,5aca9ece7,1248|25ac|4a9e|8ce7,0123,1,1,1,1,5,1
PG_34,5aca9ecef,1248|25ac|4a9e|8cef,0123,1,1,1,1,5,1
PG_35,5acad6c6b,1248|25ac|4ad6|8c6b,0123,1,1,1,1,5,1
PG_36,5acadece7,1248|25ac|4ade|8ce7,0123,1,1,1,1,5,1
PG_37,5acadecef,1248|25ac|4ade|8cef,0123,1,1,1,1,5,1
PG_38,5e4efe4e5,1248|25e4|4efe|84e5,0123,1,2,Z2,1,6,1
PG_39,5e4efe4ed,1248|25e4|4efe|84ed,0123,1,1,1,1,5,1
PG_40,5eceb6c6b,1248|25ec|4eb6|8c6b,0123,1,1,1,1,5,1
PG_41,5ecebece7,1248|25ec|4ebe|8ce7,0123,1,1,1,1,5,1
PG_42,5ecebecef,1248|25ec|4ebe|8cef,0123,1,1,1,1,5,1
PG_43,5ecef6c6b,1248|25ec|4ef6|8c6b,0123,1,1,1,1,5,1
PG_44,5ecefece7,1248|25ec|4efe|8ce7,0123,1,1,1,1,5,1
PG_45,5ecefecef,1248|25ec|4efe|8cef,0123,1,1,1,1,5,1
PG_46,768678887,1248|2768|4678|8887,0123,1,2,Z2,Z2,6,1
PG_47,76867888f,1248|2768|4678|888f,0123,1,2,Z2,1,6,1
PG_48,7acad6c6b,1248|27ac|4ad6|8c6b,0123,1,3,Z3,1,6,2
PG_49,7acadece7,1248|27ac|4ade|8ce7,0123,1,1,1,1,5,1
PG_50,7acadecef,1248|27ac|4ade|8cef,0123,1,1,1,1,5,1
PG_51,7e4efe4ed,1248|27e4|4efe|84ed,0123,1,2,Z2,1,6,1
PG_52,7ece7aca7,1248|27ec|4e7a|8ca7,0123,1,2,Z2,1,6,1
PG_53,7ece7acaf,1248|27ec|4e7a|8caf,0123,1,2,Z2,1,6,1
PG_54,7ecebece7,1248|27ec|4ebe|8ce7,0123,1,1,1,1,5,1
PG_55,7ecebecef,1248|27ec|4ebe|8cef,0123,1,1,1,1,5,1
PG_56,7ecefece7,1248|27ec|4efe|8ce7,0123,1,1,1,1,5,1
PG_57,7ecefecef,1248|27ec|4efe|8cef,0123,1,1,1,1,5,1
PG_58,d6a6bcac7,1248|2d6a|46bc|8ac7,0123,1,6,S3,1,7,2
PG_59,d6a6bcacf,1248|2d6a|46bc|8acf,0123,1,2,Z2,1,6,1
PG_60,d6a6fcacf,1248|2d6a|46fc|8acf,0123,1,2,Z2,1,6,1
PG_61,deeebeee7,1248|2dee|4ebe|8ee7,0123,1,6,S3,1,7,2
PG_62,deeebeeef,1248|2dee|4ebe|8eef,0123,1,2,Z2,1,6,1
PG_63,deeefeeef,1248|2dee|4efe|8eef,0123,1,2,Z2,1,6,1
PG_64,f6a6fcacf,1248|2f6a|46fc|8acf,0123,1,6,S3,1,7,2
PG_65,feeefeeef,1248|2fee|4efe|8eef,0123,1,6,S3,1,7,2
PG_66,24b4b4b48,1248|224b|44b4|8b48,0213,1,2,Z2,Z2,6,1
PG_67,24b4f4b48,1248|224b|44f4|8b48,0213,1,2,Z2,1,6,1
PG_68,24f6f4bc8,1248|224f|46f4|8bc8,0213,0,1,1,1,5,1
PG_69,14844f8f8,1248|2148|444f|88f8,0213,1,2,Z2,1,6,1
PG_70,22f258f88,1248|222f|4258|8f88,0213,1,2,Z2,1,6,1
PG_71,26f6bcfc8,1248|226f|46bc|8fc8,0213,1,2,Z2,1,6,1
PG_72,26f6fcfc8,1248|226f|46fc|8fc8,0213,1,2,Z2,1,6,1
PG_73,418128887,1248|2418|4128|8887,0213,1,2,Z2,Z2,6,1
PG_74,41812888f,1248|2418|4128|888f,0213,1,2,Z2,1,6,1
PG_75,148483834,1248|2148|4483|8834,0213,1,2,Z2,Z3,6,1
PG_76,348483834,1248|2348|4483|8834,0213,1,2,Z2,Z3,6,1
PG_77,678768887,1248|2678|4768|8887,0213,1,2,Z2,Z2,6,1
PG_78,67876888f,1248|2678|4768|888f,0213,1,2,Z2,1,6,1
PG_79,1484cf8fc,1248|2148|44cf|88fc,0213,1,2,Z2,1,6,1
PG_80,3484cf8fc,1248|2348|44cf|88fc,0213,1,2,Z2,1,6,1
PG_81,6faf6cac7,1248|26fa|4f6c|8ac7,0213,1,2,Z2,1,6,1
PG_82,6faf6cacf,1248|26fa|4f6c|8acf,0213,1,2,Z2,1,6,1
PG_83,184821412,1248|2184|4821|8412,0213,1,2,Z2,Z4,10,3
PG_84,3ccc23c32,1248|23cc|4c23|8c32,0213,1,2,Z2,Z2,6,1
PG_85,4e5efe5e4,1248|24e5|4efe|85e4,0213,1,2,Z2,1,6,1
PG_86,6cbcb6b6c,1248|26cb|4cb6|8b6c,0213,1,2,Z2,1,6,1
PG_87,6cbcf6b6c,1248|26cb|4cf6|8b6c,0213,1,2,Z2,1,6,1
PG_88,6cfeb6bec,1248|26cf|4eb6|8bec,0213,0,1,1,1,5,1
PG_89,6cfef6bec,1248|26cf|4ef6|8bec,0213,0,1,1,1,5,1
PG_90,3ccc6fcfa,1248|23cc|4c6f|8cfa,0213,1,2,Z2,1,10,3
PG_91,6efebefec,1248|26ef|4ebe|8fec,0213,1,2,Z2,1,6,1
PG_92,6efefefec,1248|26ef|4efe|8fec,0213,1,2,Z2,1,6,1
PG_93,c9e9aeee7,1248|2c9e|49ae|8ee7,0213,1,2,Z2,1,6,1
PG_94,c9e9aeeef,1248|2c9e|49ae|8eef,0213,1,2,Z2,1,6,1
PG_95,1848ed4de,1248|2184|48ed|84de,0213,1,2,Z2,1,6,1
PG_96,da6aed6de,1248|2da6|4aed|86de,0213,1,2,Z2,1,6,1
PG_97,e7c7eacaf,1248|2e7c|47ea|8caf,0213,1,2,Z2,1,6,1
PG_98,daeeed6fe,1248|2dae|4eed|86fe,0213,0,1,1,1,5,1
PG_99,e7efeacef,1248|2e7e|4fea|8cef,0213,0,1,1,1,5,1
PG_100,3cccefcfe,1248|23cc|4cef|8cfe,0213,1,2,Z2,1,10,3
PG_101,deeeefefe,1248|2dee|4eef|8efe,0213,1,2,Z2,1,6,1
PG_102,eefefefee,1248|2eef|4efe|8fee,0213,1,2,Z2,1,6,1
