id,code,table,commutative,aut_order,aut_structure,universality_hnr,universality_hr,barren_hnr,barren_hr
SG_1,000000,000|000|000,1,2,Z2,10,10,0,0
SG_2,000001,000|000|001,1,1,1,2,2,0,0
SG_3,000002,000|000|002,1,1,1,0,0,1,1
SG_4,000012,000|000|012,0,1,1,10,0,0,1
SG_5,000102,000|001|002,0,1,1,0,0,1,1
SG_6,000112,000|001|012,1,1,1,2,2,0,0
SG_7,001002,000|010|002,1,2,Z2,0,0,1,1
SG_8,001111,000|011|011,1,1,1,0,0,1,1
SG_9,001112,000|011|012,1,1,1,0,0,1,1
SG_10,001122,000|011|022,0,2,Z2,0,0,1,1
SG_11,001212,000|012|012,0,2,Z2,10,0,0,1
SG_12,001221,000|012|021,1,1,1,5,5,0,0
SG_13,020202,002|002|002,0,1,1,0,0,1,1
SG_14,021202,002|012|002,0,1,1,0,0,1,1
SG_15,021222,002|012|022,0,1,1,0,0,1,1
SG_16,111111,011|011|011,0,1,1,0,0,1,1
SG_17,111112,011|011|012,0,1,1,0,0,1,1
SG_18,121212,012|012|012,0,2,Z2,10,0,0,1
