id,code,table,commutative,universality_hnr,universality_hr,barren_hnr,barren_hr,compatible_polygroups
SG_1,000000000000,0000|0000|0000|0000,1,102,102,0,0,PG_1 PG_2 PG_3 PG_4 PG_5 PG_6 PG_7 PG_8 PG_9 PG_10 PG_11 PG_12 PG_13 PG_14 PG_15 PG_16 PG_17 PG_18 PG_19 PG_20 PG_21 PG_22 PG_23 PG_24 PG_25 PG_26 PG_27 PG_28 PG_29 PG_30 PG_31 PG_32 PG_33 PG_34 PG_35 PG_36 PG_37 PG_38 PG_39 PG_40 PG_41 PG_42 PG_43 PG_44 PG_45 PG_46 PG_47 PG_48 PG_49 PG_50 PG_51 PG_52 PG_53 PG_54 PG_55 PG_56 PG_57 PG_58 PG_59 PG_60 PG_61 PG_62 PG_63 PG_64 PG_65 PG_66 PG_67 PG_68 PG_69 PG_70 PG_71 PG_72 PG_73 PG_74 PG_75 PG_76 PG_77 PG_78 PG_79 PG_80 PG_81 PG_82 PG_83 PG_84 PG_85 PG_86 PG_87 PG_88 PG_89 PG_90 PG_91 PG_92 PG_93 PG_94 PG_95 PG_96 PG_97 PG_98 PG_99 PG_100 PG_101 PG_102
SG_2,000000000001,0000|0000|0000|0001,1,4,4,0,0,PG_1 PG_4 PG_5 PG_8
SG_3,000000000003,0000|0000|0000|0003,1,0,0,1,1,
SG_4,000000000010,0000|0000|0000|0010,0,4,0,0,1,PG_1 PG_4 PG_5 PG_8
SG_5,000000000011,0000|0000|0000|0011,0,12,0,0,1,PG_15 PG_24 PG_25 PG_26 PG_35 PG_36 PG_42 PG_43 PG_46 PG_72 PG_75 PG_76
SG_6,000000000023,0000|0000|0000|0023,0,0,0,1,1,
SG_7,000000000113,0000|0000|0000|0113,0,0,0,1,1,
SG_8,000000000123,0000|0000|0000|0123,0,102,0,0,1,PG_1 PG_2 PG_3 PG_4 PG_5 PG_6 PG_7 PG_8 PG_9 PG_10 PG_11 PG_12 PG_13 PG_14 PG_15 PG_16 PG_17 PG_18 PG_19 PG_20 PG_21 PG_22 PG_23 PG_24 PG_25 PG_26 PG_27 PG_28 PG_29 PG_30 PG_31 PG_32 PG_33 PG_34 PG_35 PG_36 PG_37 PG_38 PG_39 PG_40 PG_41 PG_42 PG_43 PG_44 PG_45 PG_46 PG_47 PG_48 PG_49 PG_50 PG_51 PG_52 PG_53 PG_54 PG_55 PG_56 PG_57 PG_58 PG_59 PG_60 PG_61 PG_62 PG_63 PG_64 PG_65 PG_66 PG_67 PG_68 PG_69 PG_70 PG_71 PG_72 PG_73 PG_74 PG_75 PG_76 PG_77 PG_78 PG_79 PG_80 PG_81 PG_82 PG_83 PG_84 PG_85 PG_86 PG_87 PG_88 PG_89 PG_90 PG_91 PG_92 PG_93 PG_94 PG_95 PG_96 PG_97 PG_98 PG_99 PG_100 PG_101 PG_102
SG_9,000000001001,0000|0000|0001|0001,0,4,0,0,1,PG_1 PG_4 PG_5 PG_8
SG_10,000000001010,0000|0000|0001|0010,1,0,0,1,1,
SG_11,000000001011,0000|0000|0001|0011,1,0,0,1,1,
SG_12,000000001012,0000|0000|0001|0012,1,2,2,0,0,PG_4 PG_5
SG_13,000000002003,0000|0000|0002|0003,0,0,0,1,1,
SG_14,000000002023,0000|0000|0002|0023,1,0,0,1,1,
SG_15,000000002103,0000|0000|0002|0103,0,0,0,1,1,
SG_16,000000002123,0000|0000|0002|0123,0,4,0,0,1,PG_1 PG_4 PG_5 PG_8
SG_17,000000010001,0000|0000|0010|0001,1,0,0,1,1,
SG_18,000000010003,0000|0000|0010|0003,1,0,0,1,1,
SG_19,000000010011,0000|0000|0010|0011,0,0,0,1,1,
SG_20,000000011011,0000|0000|0011|0011,1,12,12,0,0,PG_15 PG_24 PG_25 PG_26 PG_35 PG_36 PG_42 PG_43 PG_46 PG_72 PG_75 PG_76
SG_21,000000020003,0000|0000|0020|0003,1,0,0,1,1,
SG_22,000000020103,0000|0000|0020|0103,0,0,0,1,1,
SG_23,000000022022,0000|0000|0022|0022,1,3,3,0,0,PG_15 PG_16 PG_24
SG_24,000000022023,0000|0000|0022|0023,1,0,0,1,1,
SG_25,000000022033,0000|0000|0022|0033,0,1,0,0,1,PG_15
SG_26,000000022123,0000|0000|0022|0123,0,3,0,0,1,PG_15 PG_16 PG_24
SG_27,000000023023,0000|0000|0023|0023,0,0,0,1,1,
SG_28,000000023032,0000|0000|0023|0032,1,0,0,1,1,
SG_29,000000122122,0000|0000|0122|0122,0,0,0,1,1,
SG_30,000000122123,0000|0000|0122|0123,0,0,0,1,1,
SG_31,000000122133,0000|0000|0122|0133,0,0,0,1,1,
SG_32,000000123123,0000|0000|0123|0123,0,102,1,0,0,PG_1 PG_2 PG_3 PG_4 PG_5 PG_6 PG_7 PG_8 PG_9 PG_10 PG_11 PG_12 PG_13 PG_14 PG_15 PG_16 PG_17 PG_18 PG_19 PG_20 PG_21 PG_22 PG_23 PG_24 PG_25 PG_26 PG_27 PG_28 PG_29 PG_30 PG_31 PG_32 PG_33 PG_34 PG_35 PG_36 PG_37 PG_38 PG_39 PG_40 PG_41 PG_42 PG_43 PG_44 PG_45 PG_46 PG_47 PG_48 PG_49 PG_50 PG_51 PG_52 PG_53 PG_54 PG_55 PG_56 PG_57 PG_58 PG_59 PG_60 PG_61 PG_62 PG_63 PG_64 PG_65 PG_66 PG_67 PG_68 PG_69 PG_70 PG_71 PG_72 PG_73 PG_74 PG_75 PG_76 PG_77 PG_78 PG_79 PG_80 PG_81 PG_82 PG_83 PG_84 PG_85 PG_86 PG_87 PG_88 PG_89 PG_90 PG_91 PG_92 PG_93 PG_94 PG_95 PG_96 PG_97 PG_98 PG_99 PG_100 PG_101 PG_102
SG_33,000000123132,0000|0000|0123|0132,0,58,0,0,1,PG_9 PG_11 PG_12 PG_14 PG_15 PG_17 PG_18 PG_19 PG_22 PG_23 PG_24 PG_27 PG_42 PG_44 PG_46 PG_47 PG_52 PG_53 PG_58 PG_59 PG_60 PG_61 PG_62 PG_63 PG_64 PG_65 PG_66 PG_67 PG_68 PG_69 PG_70 PG_71 PG_72 PG_73 PG_74 PG_75 PG_76 PG_77 PG_78 PG_79 PG_80 PG_81 PG_82 PG_83 PG_84 PG_85 PG_86 PG_87 PG_88 PG_89 PG_90 PG_91 PG_92 PG_93 PG_94 PG_95 PG_96 PG_97
SG_34,000001001003,0000|0001|0001|0003,0,0,0,1,1,
SG_35,000001001113,0000|0001|0001|0113,1,0,0,1,1,
SG_36,000001001123,0000|0001|0001|0123,0,4,0,0,1,PG_1 PG_4 PG_5 PG_8
SG_37,000001002003,0000|0001|0002|0003,0,0,0,1,1,
SG_38,000001002023,0000|0001|0002|0023,0,0,0,1,1,
SG_39,000001002113,0000|0001|0002|0113,0,0,0,1,1,
SG_40,000001002123,0000|0001|0002|0123,1,0,0,1,1,
SG_41,000001012123,0000|0001|0012|0123,1,2,2,0,0,PG_4 PG_5
SG_42,000001020003,0000|0001|0020|0003,0,0,0,1,1,
SG_43,000001020103,0000|0001|0020|0103,1,0,0,1,1,
SG_44,000001022023,0000|0001|0022|0023,0,0,0,1,1,
SG_45,000001022123,0000|0001|0022|0123,1,0,0,1,1,
SG_46,000001120003,0000|0001|0120|0003,0,0,0,1,1,
SG_47,000001121003,0000|0001|0121|0003,0,0,0,1,1,
SG_48,000001122123,0000|0001|0122|0123,0,0,0,1,1,
SG_49,000011022022,0000|0011|0022|0022,0,2,0,0,1,PG_15 PG_24
SG_50,000011022023,0000|0011|0022|0023,0,0,0,1,1,
SG_51,000011022033,0000|0011|0022|0033,0,1,1,0,0,PG_15
SG_52,000011022123,0000|0011|0022|0123,0,2,0,0,1,PG_15 PG_24
SG_53,000011023023,0000|0011|0023|0023,0,0,0,1,1,
SG_54,000011023032,0000|0011|0023|0032,0,0,0,1,1,
SG_55,000011122122,0000|0011|0122|0122,1,0,0,1,1,
SG_56,000011122123,0000|0011|0122|0123,1,0,0,1,1,
SG_57,000011122133,0000|0011|0122|0133,0,0,0,1,1,
SG_58,000011123123,0000|0011|0123|0123,0,12,0,0,1,PG_15 PG_24 PG_25 PG_26 PG_35 PG_36 PG_42 PG_43 PG_46 PG_72 PG_75 PG_76
SG_59,000011123132,0000|0011|0123|0132,1,6,6,0,0,PG_15 PG_42 PG_46 PG_72 PG_75 PG_76
SG_60,100100100100,0100|0100|0100|0100,0,0,0,1,1,
SG_61,100100100102,0100|0100|0100|0102,0,0,0,1,1,
SG_62,100100100103,0100|0100|0100|0103,0,0,0,1,1,
SG_63,100100100123,0100|0100|0100|0123,0,0,0,1,1,
SG_64,100100102103,0100|0100|0102|0103,0,0,0,1,1,
SG_65,100100102123,0100|0100|0102|0123,0,0,0,1,1,
SG_66,100100120103,0100|0100|0120|0103,0,0,0,1,1,
SG_67,100100122122,0100|0100|0122|0122,0,0,0,1,1,
SG_68,100100122123,0100|0100|0122|0123,0,0,0,1,1,
SG_69,100100122133,0100|0100|0122|0133,0,0,0,1,1,
SG_70,100100123123,0100|0100|0123|0123,0,0,0,1,1,
SG_71,100100123132,0100|0100|0123|0132,0,0,0,1,1,
SG_72,100101100103,0100|0101|0100|0103,0,0,0,1,1,
SG_73,100101100123,0100|0101|0100|0123,0,0,0,1,1,
SG_74,100101102103,0100|0101|0102|0103,0,0,0,1,1,
SG_75,100101102123,0100|0101|0102|0123,0,0,0,1,1,
SG_76,100101120103,0100|0101|0120|0103,0,0,0,1,1,
SG_77,100101122123,0100|0101|0122|0123,0,0,0,1,1,
SG_78,100111122122,0100|0111|0122|0122,0,0,0,1,1,
SG_79,100111122123,0100|0111|0122|0123,0,0,0,1,1,
SG_80,100111122133,0100|0111|0122|0133,0,0,0,1,1,
SG_81,100111123123,0100|0111|0123|0123,0,0,0,1,1,
SG_82,100111123132,0100|0111|0123|0132,0,0,0,1,1,
SG_83,000100020003,0000|0100|0020|0003,1,0,0,1,1,
SG_84,000100022022,0000|0100|0022|0022,1,0,0,1,1,
SG_85,000100022023,0000|0100|0022|0023,1,0,0,1,1,
SG_86,000100022033,0000|0100|0022|0033,0,0,0,1,1,
SG_87,000100023023,0000|0100|0023|0023,0,0,0,1,1,
SG_88,000100023032,0000|0100|0023|0032,1,0,0,1,1,
SG_89,000101022123,0000|0101|0022|0123,1,3,3,0,0,PG_15 PG_16 PG_24
SG_90,000111111111,0000|0111|0111|0111,1,0,0,1,1,
SG_91,000111111112,0000|0111|0111|0112,1,0,0,1,1,
SG_92,000111111113,0000|0111|0111|0113,1,0,0,1,1,
SG_93,000111111123,0000|0111|0111|0123,0,0,0,1,1,
SG_94,000111111333,0000|0111|0111|0333,0,0,0,1,1,
SG_95,000111112113,0000|0111|0112|0113,0,0,0,1,1,
SG_96,000111112123,0000|0111|0112|0123,1,0,0,1,1,
SG_97,000111121113,0000|0111|0121|0113,1,0,0,1,1,
SG_98,000111121333,0000|0111|0121|0333,0,0,0,1,1,
SG_99,000111122122,0000|0111|0122|0122,1,0,0,1,1,
SG_100,000111122123,0000|0111|0122|0123,1,0,0,1,1,
SG_101,000111122133,0000|0111|0122|0133,0,0,0,1,1,
SG_102,000111123123,0000|0111|0123|0123,0,0,0,1,1,
SG_103,000111123132,0000|0111|0123|0132,1,0,0,1,1,
SG_104,000111123333,0000|0111|0123|0333,0,0,0,1,1,
SG_105,000111222333,0000|0111|0222|0333,0,0,0,1,1,
SG_106,000113113113,0000|0113|0113|0113,0,0,0,1,1,
SG_107,000113113331,0000|0113|0113|0331,1,0,0,1,1,
SG_108,000113123113,0000|0113|0123|0113,0,0,0,1,1,
SG_109,000113123133,0000|0113|0123|0133,0,0,0,1,1,
SG_110,000113123331,0000|0113|0123|0331,1,0,0,1,1,
SG_111,000122211211,0000|0122|0211|0211,1,0,0,1,1,
SG_112,000123123123,0000|0123|0123|0123,0,102,0,0,1,PG_1 PG_2 PG_3 PG_4 PG_5 PG_6 PG_7 PG_8 PG_9 PG_10 PG_11 PG_12 PG_13 PG_14 PG_15 PG_16 PG_17 PG_18 PG_19 PG_20 PG_21 PG_22 PG_23 PG_24 PG_25 PG_26 PG_27 PG_28 PG_29 PG_30 PG_31 PG_32 PG_33 PG_34 PG_35 PG_36 PG_37 PG_38 PG_39 PG_40 PG_41 PG_42 PG_43 PG_44 PG_45 PG_46 PG_47 PG_48 PG_49 PG_50 PG_51 PG_52 PG_53 PG_54 PG_55 PG_56 PG_57 PG_58 PG_59 PG_60 PG_61 PG_62 PG_63 PG_64 PG_65 PG_66 PG_67 PG_68 PG_69 PG_70 PG_71 PG_72 PG_73 PG_74 PG_75 PG_76 PG_77 PG_78 PG_79 PG_80 PG_81 PG_82 PG_83 PG_84 PG_85 PG_86 PG_87 PG_88 PG_89 PG_90 PG_91 PG_92 PG_93 PG_94 PG_95 PG_96 PG_97 PG_98 PG_99 PG_100 PG_101 PG_102
SG_113,000123231312,0000|0123|0231|0312,1,7,7,0,0,PG_15 PG_28 PG_39 PG_58 PG_61 PG_62 PG_65
SG_114,101101101101,0101|0101|0101|0101,0,3,0,0,1,PG_15 PG_16 PG_24
SG_115,101101101103,0101|0101|0101|0103,0,0,0,1,1,
SG_116,101101101123,0101|0101|0101|0123,0,3,0,0,1,PG_15 PG_16 PG_24
SG_117,101101121101,0101|0101|0121|0101,0,0,0,1,1,
SG_118,101101121103,0101|0101|0121|0103,0,0,0,1,1,
SG_119,101101123101,0101|0101|0123|0101,0,3,0,0,1,PG_15 PG_16 PG_24
SG_120,101101123123,0101|0101|0123|0123,0,3,0,0,1,PG_15 PG_16 PG_24
SG_121,101110123132,0101|0110|0123|0132,0,1,0,0,1,PG_15
SG_122,101111121111,0101|0111|0121|0111,0,0,0,1,1,
SG_123,101111121113,0101|0111|0121|0113,0,0,0,1,1,
SG_124,101111121131,0101|0111|0121|0131,0,0,0,1,1,
SG_125,101111123111,0101|0111|0123|0111,0,0,0,1,1,
SG_126,101111123131,0101|0111|0123|0131,0,0,0,1,1,
SG_127,101111123133,0101|0111|0123|0133,0,0,0,1,1,
SG_128,103103103103,0103|0103|0103|0103,0,0,0,1,1,
SG_129,103103103113,0103|0103|0103|0113,0,0,0,1,1,
SG_130,103103123103,0103|0103|0123|0103,0,0,0,1,1,
SG_131,103103123133,0103|0103|0123|0133,0,0,0,1,1,
SG_132,103113123113,0103|0113|0123|0113,0,0,0,1,1,
SG_133,103113123133,0103|0113|0123|0133,0,0,0,1,1,
SG_134,111111111111,0111|0111|0111|0111,0,0,0,1,1,
SG_135,111111111112,0111|0111|0111|0112,0,0,0,1,1,
SG_136,111111111113,0111|0111|0111|0113,0,0,0,1,1,
SG_137,111111111123,0111|0111|0111|0123,0,0,0,1,1,
SG_138,111111112113,0111|0111|0112|0113,0,0,0,1,1,
SG_139,111111112123,0111|0111|0112|0123,0,0,0,1,1,
SG_140,111111121113,0111|0111|0121|0113,0,0,0,1,1,
SG_141,111111122122,0111|0111|0122|0122,0,0,0,1,1,
SG_142,111111122123,0111|0111|0122|0123,0,0,0,1,1,
SG_143,111111122133,0111|0111|0122|0133,0,0,0,1,1,
SG_144,111111123123,0111|0111|0123|0123,0,0,0,1,1,
SG_145,111111123132,0111|0111|0123|0132,0,0,0,1,1,
SG_146,323123223323,0323|0123|0223|0323,0,0,0,1,1,
SG_147,323123323323,0323|0123|0323|0323,0,0,0,1,1,
SG_148,113113113103,0113|0113|0113|0103,0,0,0,1,1,
SG_149,113113113113,0113|0113|0113|0113,0,0,0,1,1,
SG_150,113133133133,0113|0133|0133|0133,0,0,0,1,1,
SG_151,123123123123,0123|0123|0123|0123,0,102,0,0,1,PG_1 PG_2 PG_3 PG_4 PG_5 PG_6 PG_7 PG_8 PG_9 PG_10 PG_11 PG_12 PG_13 PG_14 PG_15 PG_16 PG_17 PG_18 PG_19 PG_20 PG_21 PG_22 PG_23 PG_24 PG_25 PG_26 PG_27 PG_28 PG_29 PG_30 PG_31 PG_32 PG_33 PG_34 PG_35 PG_36 PG_37 PG_38 PG_39 PG_40 PG_41 PG_42 PG_43 PG_44 PG_45 PG_46 PG_47 PG_48 PG_49 PG_50 PG_51 PG_52 PG_53 PG_54 PG_55 PG_56 PG_57 PG_58 PG_59 PG_60 PG_61 PG_62 PG_63 PG_64 PG_65 PG_66 PG_67 PG_68 PG_69 PG_70 PG_71 PG_72 PG_73 PG_74 PG_75 PG_76 PG_77 PG_78 PG_79 PG_80 PG_81 PG_82 PG_83 PG_84 PG_85 PG_86 PG_87 PG_88 PG_89 PG_90 PG_91 PG_92 PG_93 PG_94 PG_95 PG_96 PG_97 PG_98 PG_99 PG_100 PG_101 PG_102
